,#,¼±¼ö¸í,ÆÀ¸í,½Â,ÆÐ,¼¼,°æ±â,¼±¹ß,ÀÌ´×,»ïÁø/9,º¼³Ý/9,È¨·±/9,BABIP,LOB%,ERA,RA9-WAR,FIP,kFIP,WAR,±â·Ï³âµµ,ÇÃ·¹ÀÌ¾î id,¿ÏÅõ,¿ÏºÀ,Å¸ÀÚ,¾ÈÅ¸,È¨·±,½ÇÁ¡,ÀÚÃ¥,»ïÁø,º¼³Ý,°í4,HBP,ÆøÅõ,º¸Å©,PK,»ïÁø%,º¼³Ý%,»ï/º¼,ÇÇ¾ÈÅ¸À²,ÇÇÃâ·çÀ²,WHIP
0,1,Àå¸íºÎ,»ï¹Ì,30,16,6,60,51,427.3,4.63,2.23,0.40,0.279,77.00,2.34,11.45,2.37,2.43,11.40,1983,2233,36,5,1712,388,19,138,111,220,106,6,16,6,1,0,12.9,6.2,2.08,0.249,0.296,1.16
1,2,ÀÌ»óÀ±,ÇØÅÂ,20,10,6,46,35,229.3,6.99,3.73,0.39,0.265,74.10,2.67,4.37,2.06,2.38,6.80,1983,2139,14,3,944,181,10,83,68,178,95,0,4,3,0,0,18.9,10.1,1.87,0.217,0.297,1.20
2,3,±è½ÃÁø,»ï¼º,17,12,1,37,27,229.3,6.04,3.73,0.31,0.272,76.70,2.55,5.26,2.30,2.53,5.99,1983,1651,17,5,950,189,8,78,65,154,95,6,14,5,0,0,16.2,10.0,1.62,0.231,0.308,1.24
3,4,ÃÖµ¿¿ø,·Ôµ¥,9,16,4,38,29,208.7,6.38,2.20,0.73,0.297,72.50,2.89,2.45,2.29,2.53,5.43,1983,2366,16,1,863,202,17,89,67,148,51,2,8,3,0,0,17.1,5.9,2.90,0.257,0.302,1.21
4,5,ÀÌ±æÈ¯,MBC,15,7,4,33,21,208.3,3.63,2.42,0.35,0.265,76.30,2.51,5.23,2.72,2.68,3.99,1983,2112,10,4,845,184,8,68,58,84,56,3,11,1,2,0,9.9,6.6,1.50,0.245,0.296,1.15
5,6,ÇÏ±â·æ,MBC,10,11,4,36,23,173.7,3.78,2.49,0.21,0.243,72.60,2.33,3.96,2.40,2.38,3.97,1983,2434,6,2,696,137,4,57,45,73,48,7,8,4,2,0,10.5,6.9,1.52,0.221,0.275,1.07
6,7,±è¿ë³²,ÇØÅÂ,13,10,1,35,17,181.3,3.97,1.49,0.60,0.268,73.50,2.83,3.41,2.59,2.58,3.75,1983,1659,6,3,731,171,12,67,57,80,30,3,5,1,0,0,10.9,4.1,2.67,0.252,0.281,1.11
7,8,ÀÓÈ£±Õ,»ï¹Ì,12,15,2,35,20,234.7,3.30,1.99,0.61,0.279,73.10,3.03,4.08,3.03,2.95,3.71,1983,2232,15,1,954,231,16,94,79,86,52,1,6,1,1,0,9.0,5.5,1.65,0.265,0.306,1.21
8,9,°èÇüÃ¶,OB,9,12,0,29,10,193.3,4.00,3.35,0.51,0.291,68.60,3.44,1.31,3.20,3.21,2.66,1983,1520,9,3,816,190,11,97,74,86,72,2,13,9,3,0,10.5,8.8,1.19,0.269,0.334,1.36
9,10,¹è°æÈ¯,·Ôµ¥,7,4,0,37,12,150.0,3.72,1.92,0.54,0.288,67.60,3.18,0.77,2.79,2.76,2.42,1983,1892,4,2,637,159,9,72,53,62,32,0,5,2,2,0,9.7,5.0,1.94,0.270,0.307,1.27
10,11,°­¸¸½Ä,ÇØÅÂ,6,4,0,22,7,94.0,4.88,2.11,0.48,0.266,66.00,2.78,0.92,2.39,2.47,2.23,1983,1504,1,1,387,83,5,42,29,51,22,2,5,0,1,0,13.2,5.7,2.32,0.239,0.283,1.12
11,12,À¯Á¾°â,MBC,8,7,5,34,20,139.0,4.79,3.24,0.52,0.228,77.00,2.40,3.24,2.85,2.94,2.08,1983,2073,4,0,560,103,8,45,37,74,50,0,5,4,0,0,13.2,8.9,1.48,0.208,0.279,1.10
12,13,¹Ú»ó¿­,OB,10,9,0,30,17,173.3,3.53,2.28,0.57,0.266,79.70,2.49,4.14,3.14,3.10,2.07,1983,1841,7,1,716,162,11,57,48,68,44,1,14,0,2,0,9.5,6.1,1.55,0.253,0.298,1.19
13,14,¿À¿µÀÏ,MBC,10,9,4,36,26,173.0,3.59,3.07,0.42,0.256,75.00,2.91,3.13,3.07,3.04,1.83,1983,2049,7,0,704,147,8,62,56,69,59,0,8,6,1,0,9.8,8.4,1.17,0.239,0.303,1.19
14,15,±Ç¿µÈ£,»ï¼º,6,10,7,32,19,135.0,3.27,3.20,0.47,0.247,69.30,3.20,1.50,3.24,3.17,1.27,1983,1551,5,0,556,113,7,58,48,49,48,2,6,2,1,0,8.8,8.6,1.02,0.235,0.302,1.19
15,16,È²±â¼±,ÇØÅÂ,4,4,1,19,11,66.3,4.61,1.90,0.41,0.230,65.90,2.31,0.64,2.48,2.54,1.18,1983,2468,0,0,265,50,3,27,17,34,14,1,7,2,1,0,12.8,5.3,2.43,0.209,0.251,0.96
16,17,ÀÌ±¤±Ç,MBC,7,5,0,22,3,100.3,3.14,2.78,0.63,0.271,77.60,2.51,2.14,3.38,3.30,1.08,1983,2107,3,0,411,96,7,37,28,35,31,1,4,1,1,0,8.5,7.5,1.13,0.262,0.317,1.27
17,18,¾çÀÏÈ¯,»ï¼º,9,7,1,32,11,176.3,3.22,3.22,0.61,0.252,69.30,3.22,1.42,3.54,3.47,1.06,1983,2017,4,0,738,155,12,82,63,63,63,2,11,1,1,0,8.5,8.5,1.00,0.245,0.309,1.24
18,19,È²±ÔºÀ,»ï¼º,6,4,3,30,14,130.0,3.12,2.49,0.69,0.284,69.00,3.67,0.20,3.44,3.35,0.75,1983,2467,5,1,548,136,10,66,53,45,36,4,10,4,0,0,8.2,6.6,1.25,0.275,0.322,1.32
19,20,ÁÖµ¿½Ä,ÇØÅÂ,7,7,3,30,10,134.3,3.75,2.55,0.94,0.251,74.80,3.35,1.47,3.66,3.64,0.63,1983,2337,3,2,599,133,14,60,50,56,38,0,9,1,0,0,9.3,6.3,1.47,0.245,0.293,1.27
20,21,³ë»ó¼ö,·Ôµ¥,8,11,3,42,18,169.7,3.66,2.76,0.90,0.282,68.00,4.14,-0.50,3.62,3.59,0.59,1983,1747,4,1,733,179,17,94,78,69,52,6,12,1,2,0,9.4,7.1,1.33,0.275,0.324,1.36
21,22,±è¹®Èñ,·Ôµ¥,8,10,0,34,12,155.3,2.67,3.07,0.70,0.269,72.50,3.48,1.37,3.65,3.53,0.55,1983,1609,5,0,649,154,12,70,60,46,53,2,3,2,2,0,7.1,8.2,0.87,0.264,0.324,1.33
22,23,±èÀçÇö,»ï¹Ì,2,1,0,12,7,49.0,2.02,2.57,0.18,0.271,63.30,3.31,0.06,3.00,2.81,0.49,1983,1681,0,0,201,47,1,24,18,11,14,1,2,0,0,0,5.5,7.0,0.79,0.258,0.311,1.24
23,24,ÀÌ¿ø±¹,MBC,1,1,0,8,1,38.7,1.40,3.26,0.23,0.315,61.10,4.42,-0.32,3.59,3.34,0.28,1983,2169,1,0,171,46,1,25,19,6,14,0,2,0,1,0,3.5,8.2,0.43,0.315,0.366,1.55
24,25,±è¼ºÇÑb,ÇØÅÂ,1,1,0,4,1,17.3,4.15,2.60,0.52,0.218,73.90,2.08,0.39,2.91,2.94,0.28,1983,1640,1,1,71,13,1,6,4,8,5,0,1,0,0,0,11.3,7.0,1.60,0.203,0.261,1.04
25,26,È²ÅÂÈ¯,OB,6,6,14,39,32,105.3,5.13,3.42,0.94,0.293,77.30,2.65,0.62,3.39,3.51,0.26,1983,2472,0,0,449,105,11,46,31,60,40,2,5,0,0,0,13.4,8.9,1.50,0.269,0.336,1.38
26,27,¹ÚÃ¶¼ø,OB,0,1,0,4,0,10.3,3.48,3.48,0.00,0.286,71.40,3.48,0.21,2.49,2.46,0.26,1983,1877,0,0,43,10,0,4,4,4,4,0,0,0,0,0,9.3,9.3,1.00,0.256,0.326,1.35
27,28,¹Úµ¿°æ,»ï¼º,0,1,0,12,8,22.3,1.61,2.42,0.00,0.296,62.50,4.03,-0.13,3.03,2.79,0.18,1983,1829,0,0,94,24,0,12,10,4,6,0,2,0,1,0,4.3,6.4,0.67,0.286,0.330,1.34
28,29,°¨»ç¿ë,»ï¹Ì,0,0,0,6,4,12.3,4.38,2.92,0.73,0.275,68.50,2.92,-0.01,3.08,3.12,0.08,1983,1499,0,0,51,12,1,6,4,6,4,0,0,1,0,0,11.8,7.8,1.50,0.261,0.314,1.30
29,30,À¯Á¾Ãµ,»ï¹Ì,1,2,0,5,1,17.0,3.71,7.41,0.00,0.375,60.00,7.94,-0.59,4.05,4.07,0.03,1983,2074,1,0,89,24,0,16,15,7,14,0,2,0,0,0,7.9,15.7,0.50,0.343,0.447,2.24
30,31,½Å°è¼®,MBC,0,0,0,1,0,2.0,0.00,4.50,0.00,0.417,50.00,9.00,-0.17,3.95,3.57,0.01,1983,1970,0,0,13,5,0,3,2,0,1,0,0,0,0,0,0.0,7.7,0.00,0.417,0.462,3.00
31,32,½ÅÅÂÁß,ÇØÅÂ,0,1,0,1,0,0.7,0.00,13.51,0.00,0.833,50.00,40.50,-0.24,6.87,6.57,-0.03,1983,1991,0,0,7,5,0,3,3,0,1,0,0,0,0,0,0.0,14.3,0.00,0.833,0.857,9.01
32,33,¹Ú¼®Ã¤,MBC,0,0,0,5,1,11.0,3.27,6.55,0.82,0.297,86.00,2.45,0.18,4.74,4.71,-0.15,1983,1843,0,0,51,12,1,4,3,4,8,0,0,1,1,0,7.8,15.7,0.50,0.293,0.400,1.82
33,34,ÃµÃ¢È£,·Ôµ¥,7,3,0,27,12,81.7,4.19,1.32,1.32,0.286,75.90,3.42,0.03,3.67,3.67,-0.18,1983,2361,0,0,349,91,12,39,31,38,12,1,6,0,0,0,10.9,3.4,3.17,0.281,0.305,1.26
34,35,¼±¿ì´ë¿µ,OB,4,6,1,17,8,96.7,3.54,2.61,1.21,0.267,76.20,3.91,0.83,4.13,4.09,-0.20,1983,1932,5,1,408,97,13,45,42,38,28,0,6,1,1,0,9.3,6.9,1.36,0.266,0.317,1.29
35,36,Â÷ÁØ¼·,MBC,0,0,0,2,1,3.3,5.40,8.10,2.70,0.000,27.80,8.10,-0.24,8.18,8.37,-0.22,1983,2357,0,0,15,1,1,4,3,2,3,0,1,0,0,0,13.3,20.0,0.67,0.091,0.286,1.20
36,37,¼ÛÁøÈ£,»ï¼º,0,1,0,10,3,24.3,2.59,5.55,0.37,0.345,54.60,7.40,-1.09,4.36,4.25,-0.26,1983,1963,0,0,117,31,1,23,20,7,15,0,3,2,0,0,6.0,12.8,0.47,0.337,0.418,1.89
37,38,¹ÚÁ¤ÈÄ,·Ôµ¥,0,0,0,3,2,5.3,1.69,10.13,0.00,0.263,28.60,15.19,-0.68,6.92,6.76,-0.26,1983,1863,0,0,29,5,0,10,9,1,6,0,3,5,0,0,3.4,20.7,0.17,0.294,0.423,2.06
38,39,¹æ¼ö¿ø,ÇØÅÂ,3,5,3,32,7,94.0,2.97,4.69,0.48,0.289,63.80,4.98,-1.50,4.03,3.95,-0.41,1983,1891,1,0,434,101,5,62,52,31,49,0,9,3,0,0,7.1,11.3,0.63,0.276,0.360,1.60
39,40,±èÇöÀç,ÇØÅÂ,1,0,0,10,3,24.3,2.22,5.92,0.74,0.326,74.20,4.07,-0.34,5.01,4.86,-0.51,1983,1727,1,0,122,32,2,15,11,6,16,0,2,1,0,0,4.9,13.1,0.38,0.340,0.414,1.97
40,41,ÀÎÈ£ºÀ,»ï¹Ì,1,2,0,10,4,38.0,3.32,3.79,1.42,0.250,70.20,4.26,-0.29,4.86,4.81,-0.62,1983,2211,0,0,159,36,6,22,18,14,16,0,2,1,0,0,8.8,10.1,0.88,0.257,0.333,1.37
41,42,Á¤¼ø¸í,MBC,4,3,0,13,4,59.7,2.87,4.22,1.06,0.250,74.50,3.62,0.16,4.72,4.62,-0.69,1983,2284,0,0,259,56,7,30,24,19,28,0,5,1,1,0,7.3,10.8,0.68,0.252,0.336,1.41
42,43,±è»ó±â,»ï¹Ì,2,3,0,7,4,31.3,2.87,4.60,1.72,0.219,67.40,5.74,-0.39,5.74,5.64,-0.71,1983,1621,2,0,140,29,6,21,20,10,16,0,2,0,2,0,7.1,11.4,0.62,0.246,0.328,1.44
43,44,Á¤¼±µÎ,OB,3,1,0,15,8,52.0,1.56,3.46,1.04,0.233,82.50,2.60,0.79,4.73,4.49,-0.78,1983,2279,1,1,215,47,6,19,15,9,20,0,2,1,0,0,4.2,9.3,0.45,0.246,0.318,1.29
44,45,ÀÌÀ±¼·,·Ôµ¥,0,2,0,12,5,19.7,3.66,1.83,3.20,0.384,58.20,8.24,-1.22,6.54,6.49,-0.80,1983,2173,0,0,94,35,7,22,18,8,4,0,0,0,0,0,8.5,4.3,2.00,0.398,0.424,1.98
45,46,¿À¹®Çö,»ï¹Ì,1,3,0,13,5,37.7,2.87,3.35,1.43,0.250,66.50,5.26,-0.52,5.21,5.10,-0.80,1983,2041,0,0,154,35,6,24,22,12,14,0,6,0,1,0,7.8,9.1,0.86,0.265,0.331,1.30
46,47,Á¤¼º¸¸,»ï¹Ì,3,5,0,12,4,61.7,3.79,3.94,1.61,0.191,79.90,2.92,0.63,4.87,4.86,-0.80,1983,2280,2,0,253,46,11,27,20,26,27,0,0,4,0,0,10.3,10.7,0.96,0.209,0.296,1.18
47,48,±èÇöÈ«,OB,2,1,1,13,6,43.3,2.49,3.53,1.45,0.286,69.90,4.15,-0.55,5.01,4.86,-0.82,1983,1728,1,1,186,49,7,27,20,12,17,0,1,1,0,0,6.5,9.1,0.71,0.297,0.361,1.52
48,49,ÀÌÁø¿ì,·Ôµ¥,4,9,0,27,5,85.7,3.47,4.31,1.05,0.269,68.10,4.94,-0.68,4.46,4.43,-0.82,1983,2195,0,0,371,83,10,51,47,33,41,1,6,4,0,0,8.9,11.1,0.80,0.267,0.349,1.45
49,50,ÀåÈ£¿¬,OB,6,17,2,34,13,155.3,1.80,3.88,0.58,0.283,65.90,4.23,-1.25,4.19,3.98,-0.83,1983,2254,3,1,681,165,10,93,73,31,67,5,14,3,1,0,4.6,9.8,0.46,0.284,0.354,1.49
50,51,¼º³«¼ö,»ï¼º,3,2,0,19,9,55.0,3.44,2.13,1.64,0.290,71.60,4.91,-0.63,4.71,4.65,-0.88,1983,1934,0,0,234,63,10,33,30,21,13,0,5,0,0,0,9.0,5.6,1.62,0.294,0.335,1.38
51,52,¾öÆòÀç,ÇØÅÂ,0,2,0,13,9,11.0,9.82,13.09,3.27,0.270,59.10,16.36,-1.92,9.11,9.80,-0.88,1983,2024,0,0,147,34,4,25,20,12,16,0,3,2,0,0,8.2,10.9,0.75,0.270,0.350,4.55
52,53,ÀÌ¼±Èñ,»ï¼º,5,13,0,29,9,127.0,3.97,4.18,1.20,0.261,74.30,3.76,0.26,4.45,4.46,-0.89,1983,2149,3,1,548,122,17,66,53,56,59,1,7,3,0,0,10.2,10.8,0.95,0.257,0.338,1.43
53,54,±è´ö¿­,·Ôµ¥,0,1,0,9,5,21.7,3.74,3.74,2.49,0.288,72.80,6.23,-0.66,6.66,6.64,-0.92,1983,1593,0,0,102,27,6,17,15,9,9,0,4,0,0,0,8.8,8.8,1.00,0.307,0.371,1.66
54,55,°­Ã¶¿ø,OB,4,2,0,17,6,62.7,3.02,3.30,1.72,0.288,68.10,6.32,-1.03,5.42,5.33,-1.26,1983,1515,1,0,275,72,12,44,44,21,23,0,7,2,1,0,7.6,8.4,0.91,0.300,0.360,1.52
55,1,ÃÖµ¿¿ø,·Ôµ¥,27,13,6,51,42,284.7,7.05,2.15,0.57,0.267,77.00,2.40,6.18,1.99,2.25,8.43,1984,2366,14,1,1132,229,18,91,76,223,68,1,14,3,0,0,19.7,6.0,3.28,0.224,0.270,1.04
56,2,±èÀÏÀ¶,»ï¼º,16,10,3,38,25,222.0,6.28,3.16,0.28,0.287,78.10,2.27,5.63,2.05,2.23,6.75,1984,1674,14,3,907,191,7,68,56,155,78,4,6,5,1,0,17.1,8.6,1.99,0.238,0.305,1.21
57,3,Àå¸íºÎ,»ï¹Ì,13,20,7,45,33,261.0,4.99,2.27,0.69,0.292,72.80,3.30,2.70,2.73,2.77,4.88,1984,2233,15,2,1074,261,20,111,96,145,66,7,6,3,0,0,13.5,6.1,2.20,0.266,0.309,1.25
58,4,ÀÌ»óÀ±,ÇØÅÂ,10,13,8,40,28,211.7,5.44,3.10,0.60,0.272,77.80,2.85,3.90,2.76,2.85,3.67,1984,2139,8,1,876,186,14,75,67,128,73,8,10,2,0,0,14.6,8.3,1.75,0.242,0.305,1.22
59,5,°èÇüÃ¶,OB,14,4,0,29,7,174.7,4.74,3.25,0.41,0.242,83.10,2.06,6.16,2.84,2.87,3.43,1984,1520,6,1,701,135,8,44,40,92,63,1,7,4,0,0,13.1,9.0,1.46,0.217,0.288,1.13
60,6,±è½ÃÁø,»ï¼º,19,11,2,39,20,215.0,6.45,4.69,0.59,0.270,73.70,3.18,2.03,3.05,3.27,2.93,1984,1651,11,2,910,178,14,94,76,154,112,2,13,8,0,0,16.9,12.3,1.38,0.231,0.327,1.35
61,7,±è¿ë³²,ÇØÅÂ,7,11,1,31,12,132.7,4.61,1.29,0.68,0.279,68.30,3.05,1.26,2.55,2.55,2.87,1984,1659,6,2,547,133,10,58,45,68,19,0,1,1,0,0,12.4,3.5,3.58,0.258,0.283,1.15
62,8,ÃÖÀÏ¾ð,OB,9,6,3,37,11,167.7,4.62,3.49,0.32,0.268,75.40,2.84,2.91,2.81,2.83,2.65,1984,2385,2,0,695,145,6,60,53,86,65,3,8,8,0,0,12.4,9.4,1.32,0.240,0.311,1.25
63,9,ÇÏ±â·æ,MBC,15,8,1,30,22,178.7,4.08,2.97,0.35,0.283,74.20,2.82,2.57,2.96,2.92,2.62,1984,2434,11,3,751,171,7,70,56,81,59,2,13,6,0,0,10.8,7.9,1.37,0.259,0.317,1.29
64,10,ÃÖ°èÈÆ,»ï¹Ì,8,8,9,34,23,137.3,6.49,3.60,0.59,0.301,69.80,3.54,0.07,2.63,2.84,2.60,1984,2363,4,0,589,132,9,67,54,99,55,2,6,1,2,0,16.8,9.3,1.80,0.259,0.327,1.36
65,11,±èºÀ±Ù,MBC,9,7,2,32,16,171.3,3.15,1.94,0.47,0.244,72.00,2.52,3.11,2.97,2.82,2.50,1984,1618,7,1,681,146,9,62,48,60,37,3,6,1,1,0,8.8,5.4,1.62,0.233,0.274,1.07
66,12,À±¼®È¯,OB,12,8,25,57,44,146.0,6.84,2.65,1.05,0.226,80.60,2.84,2.67,2.76,3.00,2.09,1984,2092,0,0,581,108,17,49,46,111,43,4,3,3,1,0,19.1,7.4,2.58,0.205,0.264,1.03
67,13,À¯Á¾°â,MBC,8,10,4,38,21,183.7,4.21,2.55,0.64,0.280,72.30,3.53,1.46,3.07,3.04,2.04,1984,2073,6,0,770,181,13,79,72,86,52,1,5,4,1,0,11.2,6.8,1.65,0.260,0.310,1.27
68,14,È²±ÔºÀ,»ï¼º,10,2,4,30,16,108.0,4.00,2.00,0.33,0.292,73.10,3.25,1.24,2.65,2.59,1.78,1984,2467,2,1,452,109,4,42,39,48,24,1,8,2,0,0,10.6,5.3,2.00,0.266,0.306,1.23
69,15,¿À¿µÀÏ,MBC,15,14,3,40,31,239.7,3.45,2.97,0.60,0.284,77.40,3.08,3.60,3.47,3.37,1.52,1984,2049,14,2,1004,239,16,92,82,92,79,2,13,3,0,0,9.2,7.9,1.16,0.269,0.327,1.33
70,16,¹è°æÈ¯,·Ôµ¥,6,5,2,35,11,121.7,4.36,2.07,0.74,0.305,71.90,3.48,0.42,3.07,3.05,1.32,1984,1892,2,0,516,134,10,57,47,59,28,0,5,2,0,0,11.4,5.4,2.11,0.283,0.321,1.33
71,17,ÀåÈ£¿¬,OB,5,3,1,31,18,102.3,4.13,3.08,0.26,0.238,73.30,1.58,1.67,2.78,2.75,1.26,1984,2254,0,0,407,77,3,34,18,47,35,0,4,3,0,0,11.5,8.6,1.34,0.214,0.283,1.09
72,18,ÁÖµ¿½Ä,ÇØÅÂ,6,5,0,18,10,83.3,2.92,2.27,0.43,0.255,81.20,2.27,2.29,3.01,2.84,1.07,1984,2337,4,2,333,74,4,23,21,27,21,4,3,0,0,0,8.1,6.3,1.29,0.242,0.291,1.14
73,19,¹æ¼ö¿ø,ÇØÅÂ,1,8,0,25,6,66.0,4.09,2.73,0.27,0.286,58.50,3.82,-0.57,2.85,2.81,1.01,1984,1891,1,1,280,64,2,39,28,30,20,0,6,0,0,0,10.7,7.1,1.50,0.259,0.312,1.27
74,20,±Ç¿µÈ£,»ï¼º,6,8,2,29,7,137.3,3.41,3.74,0.52,0.265,75.90,3.28,2.08,3.51,3.41,0.85,1984,1551,2,0,574,124,8,53,50,52,57,3,4,0,1,0,9.1,9.9,0.91,0.251,0.327,1.32
75,21,Á¶µµ¿¬,ÇØÅÂ,4,6,2,35,12,129.0,4.38,3.06,0.77,0.271,70.30,3.34,0.28,3.35,3.34,0.75,1984,2312,3,0,547,122,11,61,48,63,44,1,3,9,0,0,11.5,8.0,1.43,0.256,0.314,1.28
76,22,°­¸¸½Ä,ÇØÅÂ,11,4,0,28,6,129.7,4.16,2.50,0.97,0.263,73.90,3.26,1.06,3.61,3.57,0.67,1984,1504,3,0,540,124,14,58,47,60,36,2,7,1,0,0,11.1,6.7,1.67,0.253,0.302,1.23
77,23,¹Ú»ó¿­,OB,12,7,0,30,6,133.0,3.18,3.32,0.54,0.245,80.20,2.57,3.23,3.67,3.55,0.63,1984,1841,1,0,532,108,8,42,38,47,49,0,10,1,0,0,8.8,9.2,0.96,0.235,0.307,1.18
78,24,±èÁø¿í,OB,6,11,2,25,8,118.0,3.28,4.42,0.38,0.264,72.60,3.05,1.08,3.70,3.59,0.57,1984,1706,5,1,508,107,5,53,40,43,58,4,10,3,1,0,8.5,11.4,0.74,0.248,0.335,1.40
79,25,¹®Èñ¼ö,ÇØÅÂ,0,0,0,5,2,12.7,9.95,3.55,0.00,0.343,66.70,4.26,-0.02,0.78,1.35,0.55,1984,1811,0,0,55,12,0,6,6,14,5,0,1,1,0,0,25.5,9.1,2.80,0.245,0.315,1.34
80,26,¾ÈÃ¢¿Ï,·Ôµ¥,3,3,0,27,4,70.0,5.01,3.60,0.77,0.304,87.70,1.67,1.60,3.41,3.47,0.27,1984,2007,0,0,297,72,6,20,13,39,28,0,3,2,1,0,13.1,9.4,1.39,0.276,0.345,1.43
81,27,ÀÓÈ£±Õ,·Ôµ¥,10,9,0,27,12,161.7,2.45,4.45,0.50,0.260,76.80,2.95,2.62,4.02,3.82,0.26,1984,2232,9,0,692,151,9,64,53,44,80,2,3,2,0,0,6.4,11.6,0.55,0.253,0.340,1.43
82,28,¼º³«¼ö,»ï¼º,0,2,0,6,5,15.3,2.35,2.93,0.00,0.356,63.00,4.11,-0.29,2.63,2.40,0.23,1984,1934,0,0,71,21,0,10,7,4,5,2,1,1,1,0,5.6,7.0,0.80,0.339,0.382,1.70
83,29,ÃµÃ¢È£,·Ôµ¥,1,2,1,18,3,47.0,4.21,3.26,0.57,0.329,65.10,5.17,-0.87,3.40,3.37,0.23,1984,2361,0,0,218,58,3,31,27,22,17,2,6,0,0,0,10.1,7.8,1.29,0.302,0.359,1.60
84,30,¹ÚÁ¤ÈÄ,»ï¹Ì,5,11,0,31,9,139.0,3.88,4.53,0.58,0.282,77.00,3.50,1.66,3.89,3.85,0.20,1984,1863,2,0,586,129,9,58,54,60,70,1,11,6,3,0,10.2,11.9,0.86,0.264,0.352,1.43
85,31,È²±â¼±,ÇØÅÂ,4,7,1,38,22,124.3,4.71,3.98,0.72,0.256,65.00,3.76,-1.21,3.53,3.56,0.13,1984,2468,2,0,536,110,10,70,52,65,55,5,9,5,0,0,12.1,10.3,1.18,0.238,0.317,1.33
86,32,ÀÌ±¤±Ç,MBC,1,3,0,13,7,50.3,2.50,3.93,0.36,0.309,78.20,2.68,0.75,3.72,3.53,0.11,1984,2107,1,0,212,53,2,19,15,14,22,0,2,0,0,0,6.6,10.4,0.64,0.296,0.369,1.49
87,33,È²ÅÂÈ¯,OB,0,2,0,17,6,40.0,4.28,3.38,0.68,0.282,84.00,2.48,0.81,3.46,3.44,0.09,1984,2472,0,0,159,36,3,12,11,19,15,0,2,0,0,0,11.9,9.4,1.27,0.263,0.331,1.28
88,34,Àü¿ë±Ç,»ï¼º,0,2,1,13,10,26.3,2.05,3.76,0.00,0.283,66.70,4.44,-0.08,3.40,3.17,0.06,1984,2260,0,0,112,26,0,13,13,6,11,0,2,1,1,0,5.4,9.8,0.55,0.268,0.339,1.41
89,35,Á¶¿ëÃ¶,·Ôµ¥,0,0,0,2,2,2.0,9.00,9.00,0.00,0.429,80.00,0.00,-0.01,2.61,3.14,0.03,1984,2322,0,0,11,3,0,1,0,2,2,0,0,0,1,0,18.2,18.2,1.00,0.333,0.455,2.50
90,36,¹Ú¿µÁø,»ï¼º,0,0,0,1,0,1.0,0.00,9.00,0.00,0.600,50.00,18.00,-0.15,2.62,2.14,0.01,1984,1850,0,0,6,3,0,2,2,0,1,1,0,0,0,0,0.0,16.7,0.00,0.600,0.667,4.00
91,37,°¨»ç¿ë,»ï¹Ì,0,0,0,1,1,2.3,0.00,3.86,0.00,0.250,100.00,0.00,0.13,3.87,3.43,-0.01,1984,1499,0,0,9,2,0,0,0,0,1,0,0,0,0,0,0.0,11.1,0.00,0.250,0.333,1.29
92,38,±è´ö¿­,»ï¹Ì,0,0,0,2,0,2.0,4.50,4.50,0.00,0.500,33.30,18.00,-0.31,4.12,4.14,-0.02,1984,1593,0,0,11,4,0,4,4,1,1,0,1,0,0,0,9.1,9.1,1.00,0.444,0.500,2.50
93,39,Áøµ¿ÇÑ,»ï¼º,0,0,0,2,0,5.0,0.00,9.00,0.00,0.063,83.30,1.80,0.20,4.95,4.54,-0.05,1984,2344,0,0,21,1,0,1,1,0,5,1,0,0,0,0,0.0,23.8,0.00,0.063,0.286,1.20
94,40,±èÀçÇö,»ï¹Ì,3,4,0,24,9,89.7,4.32,3.11,1.00,0.294,67.20,4.32,-0.85,3.89,3.87,-0.09,1984,1681,0,0,385,96,10,53,43,43,31,0,6,0,0,0,11.2,8.1,1.39,0.280,0.337,1.42
95,41,±è»ó±â,»ï¹Ì,0,0,0,11,6,22.3,2.01,2.82,0.40,0.295,76.70,2.82,0.16,3.87,3.62,-0.10,1984,1621,0,0,94,24,1,9,7,5,7,0,3,0,0,0,5.3,7.4,0.71,0.289,0.341,1.39
96,42,ÀÌÁø¿ì,·Ôµ¥,0,3,1,10,2,22.3,6.85,3.63,2.01,0.282,48.10,4.84,-1.04,4.49,4.74,-0.22,1984,2195,0,0,104,25,5,21,12,17,9,0,0,1,0,0,16.3,8.7,1.89,0.269,0.333,1.52
97,43,ÀÌÀ±¼·,·Ôµ¥,0,0,0,6,6,10.0,0.90,4.50,0.90,0.289,70.50,5.40,-0.15,5.09,4.74,-0.23,1984,2173,0,0,45,12,1,6,6,1,5,0,0,0,0,0,2.2,11.1,0.20,0.316,0.378,1.70
98,44,°­Ã¶¿ø,OB,0,0,0,3,0,3.7,0.00,7.36,2.45,0.214,53.60,7.36,-0.22,8.56,8.14,-0.23,1984,1515,0,0,18,4,1,4,3,0,3,0,0,0,0,0,0.0,16.7,0.00,0.286,0.389,1.91
99,45,±Ç±âÈ«,»ï¼º,0,0,0,3,1,8.0,0.00,4.50,1.13,0.258,55.60,7.88,-0.34,5.72,5.27,-0.25,1984,1545,0,0,37,9,1,7,7,0,4,1,1,0,0,0,0.0,10.8,0.00,0.281,0.361,1.63
100,46,¼ÛÁøÈ£,»ï¼º,0,1,0,12,6,33.0,3.82,7.36,0.27,0.262,60.10,5.45,-0.88,4.17,4.14,-0.27,1984,1963,0,0,153,29,1,24,20,14,27,2,2,2,0,0,9.2,17.6,0.52,0.238,0.376,1.70
101,47,ÀÌ¼±Èñ,»ï¼º,2,4,0,17,4,51.7,4.01,4.01,1.05,0.313,70.10,4.53,-0.54,4.31,4.27,-0.36,1984,2149,0,0,225,58,6,31,26,23,23,0,3,2,0,0,10.2,10.2,1.00,0.305,0.372,1.57
102,48,±èÇöÀç,ÇØÅÂ,0,0,0,4,2,6.7,5.40,8.10,2.70,0.261,53.60,2.70,-0.50,7.40,7.54,-0.36,1984,1727,0,0,35,8,2,8,2,4,6,0,0,0,0,0,11.4,17.1,0.67,0.286,0.400,2.10
103,49,±èÀç¿­,·Ôµ¥,1,1,1,15,8,36.0,3.50,4.25,1.00,0.271,74.90,4.00,-0.12,4.40,4.31,-0.43,1984,1680,0,0,158,36,4,18,16,14,17,1,2,1,0,0,8.9,10.8,0.82,0.269,0.346,1.47
104,50,¹Ú´ö¿ë,·Ôµ¥,1,2,0,6,1,19.0,1.89,3.32,1.89,0.239,74.80,5.21,-0.12,5.83,5.56,-0.48,1984,1828,0,0,82,20,4,11,11,4,7,0,0,0,0,0,4.9,8.5,0.57,0.267,0.329,1.42
105,51,Á¤¼ø¸í,MBC,0,3,0,8,0,22.7,2.78,6.75,1.19,0.273,63.50,7.15,-0.59,5.76,5.63,-0.51,1984,2284,0,0,106,24,3,18,18,7,17,0,1,0,0,0,6.6,16.0,0.41,0.276,0.394,1.81
106,52,ÀÌ±æÈ¯,MBC,3,3,0,12,3,50.0,2.70,1.62,1.62,0.305,65.10,4.86,-0.80,4.80,4.60,-0.57,1984,2112,0,0,217,62,9,34,27,15,9,0,3,1,0,0,6.9,4.1,1.67,0.318,0.343,1.42
107,53,¿À¹®Çö,»ï¹Ì,0,0,0,11,5,29.0,2.17,3.41,1.24,3.030,96.00,5.59,-0.48,5.03,4.80,-0.60,1984,2041,0,0,123,304,4,18,18,7,11,0,2,0,0,0,5.7,8.9,0.64,2.764,2.603,10.86
108,54,¾çÀÏÈ¯,»ï¼º,2,5,1,20,7,64.0,2.81,4.64,0.98,0.249,71.30,4.64,-0.19,4.55,4.39,-0.66,1984,2017,1,0,272,57,7,34,33,20,33,6,4,1,0,0,7.4,12.1,0.61,0.254,0.345,1.41
109,55,ÀÎÈ£ºÀ,»ï¹Ì,0,0,0,8,4,17.7,2.04,6.62,1.02,0.211,68.50,5.60,-0.40,6.43,6.22,-0.69,1984,2211,0,0,81,14,2,12,11,4,13,0,5,0,0,0,4.9,16.0,0.31,0.226,0.355,1.53
110,56,ÀÌ¹®ÇÑ,·Ôµ¥,1,4,0,16,4,50.0,3.06,3.06,1.44,0.272,65.20,5.58,-0.77,4.77,4.62,-0.71,1984,2127,0,0,214,52,8,32,31,17,17,1,2,1,0,0,7.9,7.9,1.00,0.283,0.338,1.38
111,57,±è¹®Èñ,·Ôµ¥,0,6,0,19,5,56.3,1.92,3.51,1.12,0.317,68.70,5.11,-0.96,4.97,4.71,-0.84,1984,1609,1,0,254,73,7,38,32,12,22,1,5,0,0,0,4.7,8.7,0.55,0.332,0.382,1.69
112,58,½ÅÅÂÁß,»ï¹Ì,1,6,1,14,4,48.3,5.59,6.33,1.49,0.315,61.10,6.89,-1.85,5.21,5.35,-0.89,1984,1991,0,0,227,55,8,43,37,30,34,1,4,1,0,0,13.2,15.0,0.88,0.301,0.403,1.84
113,59,Á¤¼º¸¸,»ï¹Ì,8,10,1,29,6,150.0,4.02,4.98,1.20,0.267,72.20,4.86,-0.82,4.73,4.70,-1.56,1984,2280,3,0,666,148,20,86,81,67,83,3,6,3,1,0,10.1,12.5,0.81,0.263,0.355,1.54
114,1,ÃÖµ¿¿ø,·Ôµ¥,20,9,8,42,35,225.0,6.44,1.64,0.28,0.257,76.00,1.92,7.33,1.56,1.79,9.43,1985,2366,14,4,865,170,7,60,48,161,41,2,8,3,1,0,18.6,4.7,3.93,0.214,0.250,0.94
115,2,±è½ÃÁø,»ï¼º,25,5,10,47,27,269.7,6.71,4.04,0.27,0.233,82.50,2.00,10.87,2.28,2.57,8.35,1985,1651,10,2,1064,172,8,63,60,201,121,3,15,10,1,0,18.9,11.4,1.66,0.189,0.283,1.09
116,3,¼±µ¿¿­,ÇØÅÂ,7,4,8,25,22,111.0,8.35,1.62,0.16,0.247,71.10,1.70,3.36,0.66,1.08,6.59,1985,1931,1,0,424,74,2,30,21,103,20,4,3,3,0,0,24.3,4.7,5.15,0.187,0.226,0.85
117,4,±èÀÏÀ¶,»ï¼º,25,6,0,34,16,226.0,4.26,3.07,0.52,0.267,73.90,2.79,4.39,2.98,3.00,4.30,1985,1674,11,3,920,200,13,87,70,107,77,6,5,4,0,0,11.6,8.4,1.39,0.245,0.308,1.23
118,5,¹Úµ¿¼ö,·Ôµ¥,9,10,0,32,11,168.0,4.50,1.93,0.59,0.275,72.60,2.73,2.53,2.93,2.97,3.07,1985,1830,7,2,695,158,11,69,51,84,36,1,17,2,1,0,12.1,5.2,2.33,0.253,0.292,1.15
119,6,Àå¸íºÎ,¹Ì/Ã»,11,25,5,45,20,246.0,4.68,3.66,0.80,0.340,62.60,5.30,-3.68,3.52,3.60,2.72,1985,2233,10,0,1117,304,22,175,145,128,100,7,12,5,0,0,11.5,9.0,1.28,0.313,0.374,1.64
120,7,ÃÖÀÏ¾ð,OB,10,14,3,38,24,144.7,5.47,4.67,0.25,0.270,73.40,2.43,1.87,2.77,2.93,2.44,1985,2385,2,0,610,119,4,57,39,88,75,3,5,2,0,0,14.4,12.3,1.17,0.235,0.327,1.34
121,8,È²±ÔºÀ,»ï¼º,14,7,4,34,9,165.7,2.99,2.06,0.65,0.263,73.10,3.04,2.92,3.31,3.19,2.25,1985,2467,4,0,679,158,12,66,56,55,38,2,4,1,2,0,8.1,5.6,1.45,0.254,0.297,1.18
122,9,Á¤»ïÈì,MBC,9,12,5,41,28,192.7,4.62,3.36,0.61,0.264,77.10,3.13,3.34,3.25,3.32,2.15,1985,2278,7,3,801,169,13,72,67,99,72,2,12,5,0,0,12.4,9.0,1.38,0.242,0.311,1.25
123,10,°èÇüÃ¶,OB,11,11,2,34,14,194.0,3.90,2.92,0.79,0.246,77.70,2.78,4.20,3.56,3.55,1.96,1985,1520,8,0,789,165,17,71,60,84,63,0,7,6,0,0,10.6,8.0,1.33,0.236,0.298,1.18
124,11,±è¿ë³²,ÇØÅÂ,11,6,8,43,20,134.7,4.95,1.74,0.94,0.309,65.20,4.48,-0.67,2.97,3.05,1.93,1985,1659,1,0,560,147,14,74,67,74,26,2,3,1,0,0,13.2,4.6,2.85,0.287,0.317,1.28
125,12,ÀÌ¼±Èñ,MBC,5,7,2,28,9,138.0,3.20,3.59,0.33,0.241,77.30,2.28,3.63,3.25,3.17,1.87,1985,2149,4,1,569,111,5,44,35,49,55,3,4,2,0,0,8.6,9.7,0.89,0.227,0.303,1.20
126,13,¾ç»ó¹®,·Ôµ¥,6,3,4,33,20,101.0,5.17,2.23,0.62,0.334,66.30,3.83,-0.71,2.73,2.84,1.74,1985,2012,1,1,446,120,7,57,43,58,25,0,5,2,0,0,13.0,5.6,2.32,0.302,0.339,1.44
127,14,¹è°æÈ¯,·Ôµ¥,6,6,0,22,3,98.7,3.47,1.92,0.55,0.261,74.80,2.83,2.00,2.98,2.91,1.72,1985,1892,2,1,406,93,6,36,31,38,21,2,4,3,0,0,9.4,5.2,1.81,0.247,0.286,1.16
128,15,±èÁø¿í,OB,10,8,0,30,7,143.0,3.59,3.46,0.44,0.273,75.60,3.02,2.53,3.43,3.40,1.62,1985,1706,4,2,605,134,7,56,48,57,55,0,10,4,1,0,9.4,9.1,1.04,0.254,0.323,1.32
129,16,¹®Èñ¼ö,ÇØÅÂ,12,8,1,39,11,144.7,3.98,2.99,0.68,0.300,72.70,3.48,1.02,3.38,3.37,1.60,1985,1811,2,0,631,159,11,69,56,64,48,1,5,1,2,0,10.1,7.6,1.33,0.281,0.336,1.43
130,17,¹ÚÃ¶¼ø,OB,1,4,0,9,5,50.3,6.08,2.50,0.36,0.248,67.10,2.68,0.88,2.10,2.31,1.53,1985,1877,2,0,193,36,2,19,15,34,14,0,2,1,0,0,17.6,7.3,2.43,0.209,0.267,0.99
131,18,±èÁ¤Çà,·Ôµ¥,7,5,0,19,6,115.3,4.29,4.21,0.47,0.271,78.00,2.73,2.54,3.38,3.42,1.52,1985,1687,5,2,482,103,6,42,35,55,54,0,4,2,0,0,11.4,11.2,1.02,0.248,0.332,1.36
132,19,±Ç¿µÈ£,»ï¼º,6,6,26,54,33,174.7,4.17,3.50,0.72,0.273,75.00,3.50,1.83,3.44,3.46,1.37,1985,1551,0,0,746,170,14,75,68,81,68,4,3,4,1,0,10.9,9.1,1.19,0.256,0.324,1.36
133,20,¿À¿µÀÏ,MBC,8,8,1,28,15,127.3,2.97,3.32,0.42,0.287,73.20,3.53,1.24,3.50,3.39,1.00,1985,2049,3,0,555,132,6,56,50,42,47,1,7,1,0,0,7.6,8.5,0.89,0.275,0.335,1.41
134,21,È²ÅÂÈ¯,OB,4,8,1,35,15,97.0,4.64,3.71,0.56,0.252,70.20,3.53,0.72,3.13,3.20,0.99,1985,2472,1,1,402,79,6,42,38,50,40,2,2,2,0,0,12.4,10.0,1.25,0.228,0.308,1.23
135,22,Á¶µµ¿¬,ÇØÅÂ,4,6,2,36,7,123.7,3.35,2.55,0.73,0.288,73.20,3.71,0.97,3.52,3.45,0.88,1985,2312,1,0,522,131,10,56,51,46,35,1,5,4,0,0,8.8,6.7,1.31,0.276,0.325,1.34
136,23,°­¸¸½Ä,ÇØÅÂ,13,8,0,41,8,198.7,2.85,1.99,1.00,0.243,77.50,3.31,3.83,4.08,3.95,0.80,1985,1504,5,2,803,178,22,78,73,63,44,0,19,1,0,0,7.8,5.5,1.43,0.247,0.288,1.12
137,24,Áøµ¿ÇÑ,»ï¼º,4,2,0,24,8,81.7,2.64,3.09,0.33,0.259,68.50,2.98,0.70,3.32,3.18,0.76,1985,2344,1,0,339,74,3,36,27,24,28,1,3,2,0,0,7.1,8.3,0.86,0.247,0.310,1.25
138,25,ÀÓÈ£±Õ,·Ôµ¥,10,10,0,27,4,145.0,2.67,4.78,0.50,0.269,74.30,3.23,2.14,4.03,3.91,0.72,1985,2232,3,1,617,136,8,63,52,43,77,0,0,3,0,0,7.0,12.5,0.56,0.261,0.353,1.47
139,26,±èÁ¤¼öb,MBC,2,3,0,15,3,60.0,3.75,5.70,0.00,0.262,75.60,2.70,1.15,3.31,3.31,0.71,1985,1684,2,0,258,50,0,22,18,25,38,1,2,4,1,0,9.7,14.7,0.66,0.233,0.346,1.47
140,27,ÇÏ±â·æ,MBC,5,10,2,26,13,111.0,2.51,4.30,0.24,0.275,73.20,2.92,1.42,3.61,3.47,0.70,1985,2434,4,0,468,103,3,46,36,31,53,2,4,3,0,0,6.6,11.3,0.58,0.262,0.346,1.41
141,28,¹Ú»ó¿­,OB,3,6,0,22,5,109.0,2.06,3.39,0.50,0.275,68.20,4.13,0.71,3.91,3.72,0.65,1985,1841,2,0,462,109,6,55,50,25,41,0,5,1,1,0,5.4,8.9,0.61,0.273,0.336,1.38
142,29,±è¼ºÇÑb,ÇØÅÂ,4,3,1,10,7,40.3,2.68,4.02,0.22,0.254,68.40,3.35,0.26,3.17,3.04,0.42,1985,1640,1,0,170,35,1,18,15,12,18,4,1,1,0,0,7.1,10.6,0.67,0.241,0.321,1.31
143,30,±è¿ë¼ö,MBC,1,2,2,6,4,21.7,5.82,2.91,0.83,0.299,76.30,3.74,0.19,2.75,2.93,0.35,1985,1661,0,0,93,22,2,9,9,14,7,1,0,1,0,0,15.1,7.5,2.00,0.272,0.322,1.34
144,31,ÀÌÃæ¿ì,·Ôµ¥,0,0,0,12,10,29.3,3.99,2.45,0.61,0.339,59.70,5.22,-0.70,3.12,3.11,0.25,1985,2197,0,0,133,39,2,21,17,13,8,0,1,1,0,0,9.8,6.0,1.62,0.322,0.356,1.60
145,32,±èÀçÇö,¹Ì/Ã»,1,4,0,12,5,46.3,2.72,2.33,0.78,0.321,73.80,3.88,0.14,3.63,3.49,0.25,1985,1681,1,0,209,57,4,23,20,14,12,3,3,1,0,0,6.7,5.7,1.17,0.313,0.354,1.49
146,33,Á¤¼±µÎ,OB,0,1,0,7,5,9.7,2.79,1.86,0.00,0.273,54.50,4.66,-0.01,2.33,2.19,0.22,1985,2279,0,0,39,9,0,5,5,3,2,0,0,1,0,0,7.7,5.1,1.50,0.257,0.289,1.14
147,34,¼ÛÁøÈ£,»ï¼º,0,1,0,7,5,12.7,3.55,3.55,0.00,0.417,69.20,5.68,-0.18,2.86,2.82,0.17,1985,1963,0,0,59,20,0,8,8,5,5,0,1,0,0,0,8.5,8.5,1.00,0.385,0.431,1.97
148,35,Á¤¼ø¸í,MBC,0,4,0,7,0,18.0,2.50,3.50,0.50,0.357,57.00,6.00,-0.48,3.67,3.53,0.16,1985,2284,0,0,86,26,1,15,12,5,7,0,0,0,1,0,5.8,8.1,0.71,0.347,0.398,1.83
149,36,°­Ã¶¿ø,OB,0,0,0,3,0,5.3,3.38,1.69,0.00,0.333,75.00,3.38,0.10,2.08,2.01,0.16,1985,1515,0,0,24,7,0,2,2,2,1,0,0,0,0,0,8.3,4.2,2.00,0.304,0.333,1.50
150,37,±Ç±âÈ«,»ï¼º,0,0,0,3,2,3.0,9.00,3.00,0.00,0.400,80.00,3.00,0.05,0.68,1.19,0.13,1985,1545,0,0,14,4,0,1,1,3,1,0,0,0,0,0,21.4,7.1,3.00,0.308,0.357,1.67
151,38,ÀåÈ£¿¬,OB,7,4,1,29,13,128.7,3.22,4.41,0.63,0.251,70.60,3.50,0.83,4.02,3.95,0.13,1985,2254,5,0,531,110,9,61,50,46,63,0,4,1,0,0,8.7,11.9,0.73,0.244,0.332,1.34
152,39,À¯Á¾°â,MBC,10,8,1,33,17,135.3,2.66,3.46,0.67,0.235,75.30,2.99,2.07,3.94,3.80,0.12,1985,2073,3,0,547,111,10,52,45,40,52,1,5,8,0,0,7.3,9.5,0.77,0.235,0.306,1.20
153,40,¾ÈÃ¢¿Ï,·Ôµ¥,0,1,0,2,0,8.7,4.15,3.12,1.04,0.276,47.20,3.12,-0.18,3.79,3.81,0.08,1985,2007,0,0,39,9,1,7,3,4,3,0,0,0,0,0,10.3,7.7,1.33,0.265,0.324,1.38
154,41,Á¶¿ëÃ¶,·Ôµ¥,0,0,0,5,4,7.3,2.45,3.68,0.00,0.467,47.10,9.82,-0.54,3.02,2.87,0.07,1985,2322,0,0,36,14,0,9,8,2,3,0,0,0,0,0,5.6,8.3,0.67,0.452,0.486,2.32
155,42,±èÀç¹Ú,MBC,1,0,0,1,1,0.7,0.00,0.00,0.00,0.000,0.00,0.00,0.04,2.63,2.19,0.01,1985,1678,0,0,1,0,0,0,0,0,0,0,0,0,0,0,0.0,0.0,0.00,0.000,0.000,0.00
156,43,ÃÖ°èÈÆ,¹Ì/Ã»,6,6,0,20,12,118.3,4.11,4.18,0.99,0.252,78.00,3.57,1.52,4.24,4.25,0.00,1985,2363,9,1,505,106,13,51,47,54,55,0,6,1,1,0,10.7,10.9,0.98,0.245,0.328,1.36
157,44,ÀÌ±æÈ¯,MBC,1,2,0,8,2,35.3,1.53,3.82,0.51,0.222,69.40,3.31,0.43,4.36,4.12,0.00,1985,2112,1,0,148,28,2,16,13,6,15,0,3,2,0,0,4.1,10.1,0.40,0.230,0.307,1.22
158,45,ÇÑ¿ÀÁ¾,OB,0,0,0,1,1,0.3,0.00,54.05,0.00,0.000,100.00,0.00,0.02,20.11,20.21,-0.07,1985,2443,0,0,4,0,0,0,0,0,2,0,0,0,0,0,0.0,50.0,0.00,0.000,0.500,6.01
159,46,¼º³«¼ö,»ï¼º,0,0,0,3,1,4.3,4.15,2.08,2.08,0.357,89.30,4.15,0.01,4.96,4.96,-0.08,1985,1934,0,0,19,6,1,2,2,2,1,0,0,0,0,0,10.5,5.3,2.00,0.353,0.389,1.62
160,47,ÃµÃ¢È£,·Ôµ¥,1,1,0,7,3,23.0,3.91,2.74,1.17,0.250,65.90,4.70,-0.16,4.08,4.06,-0.08,1985,2361,0,0,98,21,3,13,12,10,7,1,2,0,0,0,10.2,7.1,1.43,0.250,0.304,1.22
161,48,ÀÎÈ£ºÀ,¹Ì/Ã»,0,0,0,4,3,5.3,1.69,1.69,1.69,0.375,52.10,6.75,-0.35,5.07,4.82,-0.10,1985,2211,0,0,27,10,1,6,4,1,1,0,0,0,0,0,3.7,3.7,1.00,0.385,0.407,2.06
162,49,È²±â¼±,ÇØÅÂ,0,1,0,17,6,34.7,3.89,4.93,0.78,0.322,59.90,6.49,-1.01,4.01,4.01,-0.10,1985,2468,0,0,159,40,3,27,25,15,19,3,2,1,0,0,9.4,11.9,0.79,0.305,0.388,1.70
163,50,¹æ¼ö¿ø,ÇØÅÂ,1,1,0,10,5,23.3,3.47,5.01,0.77,0.206,77.20,3.47,0.30,4.25,4.21,-0.13,1985,1891,0,0,96,16,2,9,9,9,13,1,1,0,0,0,9.4,13.5,0.69,0.203,0.315,1.24
164,51,±èÁØÈñ,»ï¼º,0,0,0,1,1,2.0,4.50,4.50,4.50,0.444,43.50,18.00,-0.26,9.14,9.19,-0.14,1985,1702,0,0,12,5,1,4,4,1,1,0,0,0,0,0,8.3,8.3,1.00,0.455,0.500,3.00
165,52,±è¹®Èñ,·Ôµ¥,0,0,0,1,1,2.0,4.50,4.50,4.50,0.286,38.50,13.50,-0.19,9.14,9.19,-0.14,1985,1609,0,0,10,3,1,3,3,1,1,0,0,0,0,0,10.0,10.0,1.00,0.333,0.400,2.00
166,53,°¨»ç¿ë,»ï¹Ì/Ã»º¸,0,1,0,12,7,30.3,5.04,2.37,1.48,0.350,64.40,6.53,-0.85,4.21,4.30,-0.21,1985,1499,0,0,141,41,5,23,22,17,8,0,3,0,0,0,12.1,5.7,2.12,0.331,0.368,1.62
167,54,¾È¾ðÇÐ,MBC,0,2,0,10,6,15.0,2.40,5.40,0.60,0.316,45.50,9.00,-0.95,4.87,4.73,-0.21,1985,2002,0,0,74,19,1,17,15,4,9,0,2,0,2,0,5.4,12.2,0.44,0.311,0.394,1.87
168,55,½ÅÅÂ¼ø,ÇØÅÂ,0,6,0,21,11,71.7,3.14,3.64,0.75,0.287,70.20,3.64,-0.35,4.05,3.96,-0.23,1985,1990,0,0,316,77,6,39,29,25,29,1,5,2,0,0,7.9,9.2,0.86,0.283,0.345,1.48
169,56,À±¼®È¯,OB,5,1,6,41,21,110.3,3.59,2.45,1.06,0.283,77.20,3.34,0.76,3.93,3.88,-0.24,1985,2092,1,0,453,114,13,48,41,44,30,0,5,2,1,0,9.7,6.6,1.47,0.279,0.324,1.31
170,57,±è±âÃ¶,ÇØÅÂ,0,0,0,5,4,7.3,6.14,6.14,2.45,0.400,70.40,7.36,-0.35,6.18,6.42,-0.25,1985,1585,0,0,37,12,2,7,6,5,5,0,0,1,0,0,13.5,13.5,1.00,0.375,0.459,2.32
171,58,Â÷ÁØ¼·,MBC,0,0,0,3,1,4.3,0.00,0.00,4.15,0.450,48.80,14.54,-0.46,8.65,8.19,-0.27,1985,2357,0,0,22,11,2,7,7,0,0,0,0,0,0,0,0.0,0.0,0.00,0.500,0.500,2.54
172,59,±èºÀ±Ù,MBC,2,7,0,21,9,113.3,2.94,2.14,1.27,0.257,79.40,3.34,1.52,4.32,4.20,-0.27,1985,1618,4,0,461,110,16,47,42,37,27,1,5,0,1,0,8.0,5.9,1.37,0.263,0.307,1.21
173,60,ÀÌ±¤±Ç,MBC,0,0,0,4,2,9.3,0.96,2.89,1.93,0.229,78.40,4.82,-0.03,6.05,5.73,-0.27,1985,2107,0,0,41,10,2,5,5,1,3,0,0,0,0,0,2.4,7.3,0.33,0.263,0.317,1.39
174,61,Á¤Àº¹è,¹Ì/Ã»,7,9,2,29,13,141.0,2.94,3.83,0.89,0.280,75.60,3.64,1.12,4.32,4.21,-0.33,1985,2292,5,1,607,142,14,66,57,46,60,3,8,4,2,0,7.6,9.9,0.77,0.275,0.350,1.43
175,62,ÀÌ»óÀ±,ÇØÅÂ,0,2,0,2,0,5.0,3.60,5.40,5.40,0.375,76.90,10.80,-0.29,10.45,10.39,-0.35,1985,2139,0,0,25,9,3,6,6,2,3,1,0,0,0,0,8.0,12.0,0.67,0.429,0.500,2.40
176,63,Á¤¼º¸¸,¹Ì/Ã»,7,14,3,37,19,172.7,2.87,3.34,0.99,0.309,69.60,5.00,-0.94,4.34,4.22,-0.39,1985,2280,11,1,767,207,19,103,96,55,64,0,7,4,2,0,7.2,8.3,0.86,0.307,0.363,1.57
177,64,ÀÌÁø¿ì,·Ôµ¥,0,6,3,34,13,69.0,5.74,6.26,1.04,0.323,73.80,4.30,-0.60,4.43,4.64,-0.60,1985,2195,0,0,304,70,8,40,33,44,48,0,3,5,1,0,14.5,15.8,0.92,0.288,0.404,1.71
178,65,¹ÚÁ¤ÈÄ,¹Ì/Ã»,0,3,1,16,6,38.7,3.26,7.91,0.93,0.310,61.80,6.98,-1.41,5.71,5.68,-0.90,1985,1863,0,0,186,43,4,34,30,14,34,0,3,5,0,0,7.5,18.3,0.41,0.307,0.433,1.99
179,66,ÃÖ»óÁÖ,ÇØÅÂ,5,7,0,32,9,31.0,9.29,10.45,2.03,0.301,68.60,12.19,-3.59,6.53,7.13,-1.11,1985,2369,0,0,403,101,7,52,42,32,36,1,7,1,0,0,7.9,8.9,0.89,0.289,0.354,4.42
180,67,¾çÀÏÈ¯,»ï¼º,3,5,1,19,8,61.7,2.48,4.09,1.46,0.249,70.90,5.11,-0.56,5.31,5.16,-1.15,1985,2017,1,0,269,62,10,37,35,17,28,2,3,1,1,0,6.3,10.4,0.61,0.263,0.341,1.46
181,68,½ÅÅÂÁß,¹Ì/Ã»,3,4,4,34,18,103.7,4.17,3.65,1.48,0.298,66.60,4.77,-2.26,4.80,4.82,-1.52,1985,1991,1,0,459,119,17,72,55,48,42,0,7,11,1,0,10.5,9.2,1.14,0.298,0.359,1.55
182,69,¿À¹®Çö,¹Ì/Ã»,4,4,0,23,7,75.3,1.91,2.75,2.27,0.309,74.70,6.33,-1.58,6.63,6.40,-2.60,1985,2041,0,0,341,101,19,54,53,16,23,0,11,2,0,0,4.7,6.7,0.70,0.340,0.384,1.65
183,1,¼±µ¿¿­,ÇØÅÂ,24,6,6,39,22,262.7,7.33,1.78,0.07,0.221,83.20,0.99,12.91,0.84,1.16,14.53,1986,1931,19,8,972,153,2,38,29,214,52,5,7,3,2,0,22.0,5.3,4.12,0.170,0.216,0.78
184,2,ÃÖµ¿¿ø,·Ôµ¥,19,14,2,39,21,267.0,7.01,1.85,0.24,0.268,80.30,1.55,9.01,1.20,1.49,11.84,1986,2366,17,4,1039,204,7,60,46,208,55,5,6,2,0,0,20.0,5.3,3.78,0.215,0.257,0.97
185,3,±è°Ç¿ì,MBC,18,6,0,37,29,229.3,4.00,2.43,0.24,0.235,77.00,1.81,6.56,2.45,2.44,4.92,1986,1565,9,2,891,170,6,62,46,102,62,1,9,4,3,0,11.4,7.0,1.65,0.212,0.268,1.01
186,4,ÀÌ»ó±º,ºù±×·¹,12,17,1,35,30,243.3,3.85,1.59,0.63,0.259,73.90,2.63,4.31,2.79,2.76,4.07,1986,2133,19,4,972,216,17,88,71,104,43,3,11,0,0,0,10.7,4.4,2.42,0.244,0.278,1.06
187,5,ÃÖÀÏ¾ð,OB,19,4,2,33,23,221.7,4.10,4.10,0.08,0.213,81.10,1.58,7.99,2.67,2.69,3.85,1986,2385,12,6,881,140,2,49,39,101,101,3,6,3,0,0,11.5,11.5,1.00,0.187,0.283,1.09
188,6,¹Úµ¿¼ö,·Ôµ¥,8,7,3,30,13,148.7,4.12,1.88,0.12,0.271,71.20,2.54,2.16,2.15,2.14,3.59,1986,1830,5,0,613,133,2,53,42,68,31,4,13,1,0,0,11.1,5.1,2.19,0.243,0.281,1.10
189,7,±è¿ë¼ö,MBC,9,9,26,60,3,178.0,3.74,2.98,0.20,0.229,81.30,1.67,5.72,2.50,2.46,2.84,1986,1661,0,0,694,128,4,40,33,74,59,7,3,0,0,0,10.7,8.5,1.25,0.206,0.275,1.05
190,8,ÇÑÈñ¹Î,ºù±×·¹,9,13,0,29,19,175.3,6.31,2.52,0.92,0.245,75.40,3.13,2.27,2.77,3.00,2.59,1986,2448,12,3,700,136,18,67,61,123,49,1,10,2,3,0,17.6,7.0,2.51,0.221,0.276,1.06
191,9,¹Ú³ëÁØ,OB,5,6,7,33,9,110.3,4.98,2.94,0.33,0.265,77.00,2.28,2.21,2.33,2.42,2.22,1986,1827,1,0,442,91,4,34,28,61,36,2,2,3,0,0,13.8,8.1,1.69,0.235,0.296,1.15
192,10,±èÀÏÀ¶,»ï¼º,13,4,0,19,19,138.7,3.89,2.92,0.52,0.251,77.00,2.53,3.02,2.91,2.89,2.22,1986,1674,7,2,573,120,8,47,39,60,45,4,2,1,0,0,10.5,7.9,1.33,0.235,0.295,1.19
193,11,À¯Á¾°â,MBC,10,7,0,41,15,145.7,5.19,3.03,0.49,0.282,71.30,3.03,0.83,2.61,2.73,2.10,1986,2073,1,1,599,131,8,61,49,84,49,1,5,5,0,0,14.0,8.2,1.71,0.251,0.312,1.24
194,12,Â÷µ¿Ã¶,ÇØÅÂ,10,4,3,33,21,131.0,2.40,1.65,0.27,0.283,74.30,2.82,2.26,2.76,2.58,2.02,1986,2350,3,2,535,134,4,46,41,35,24,1,5,1,0,0,6.5,4.5,1.46,0.270,0.303,1.21
195,13,¼ºÁØ,»ï¼º,15,5,2,29,19,149.0,3.62,2.42,0.54,0.259,78.60,2.36,3.14,2.91,2.86,1.93,1986,1937,6,1,607,135,9,48,39,60,40,3,3,2,2,0,9.9,6.6,1.50,0.244,0.294,1.17
196,14,±è½ÃÁø,»ï¼º,16,6,3,30,26,196.7,3.98,5.03,0.27,0.262,77.80,2.47,4.04,3.28,3.29,1.84,1986,1651,11,1,822,161,6,68,54,87,110,4,6,3,0,0,10.6,13.4,0.79,0.237,0.341,1.38
197,15,±è±âÅÂb,Ã»º¸,9,14,5,42,12,175.3,5.60,3.39,0.62,0.282,74.90,3.18,0.96,2.90,3.06,1.68,1986,1587,6,1,746,158,12,73,62,109,66,5,17,6,0,0,14.6,8.8,1.65,0.248,0.318,1.28
198,16,ÀåÈ£¿¬,OB,13,9,3,31,22,165.7,2.39,2.44,0.38,0.237,79.60,1.90,4.64,3.19,3.02,1.51,1986,2254,10,4,659,136,7,46,35,44,45,0,6,1,2,0,6.7,6.8,0.98,0.229,0.283,1.09
199,17,¿À¸í·Ï,·Ôµ¥,4,4,0,23,8,71.3,6.56,3.53,0.38,0.309,67.50,3.91,-0.31,2.25,2.51,1.44,1986,2040,0,0,308,70,3,36,31,52,28,0,4,2,1,0,16.9,9.1,1.86,0.258,0.327,1.37
200,18,±èÁ¤¼öc,ÇØÅÂ,9,6,5,41,13,125.7,6.59,6.37,0.36,0.259,74.30,2.65,0.65,3.03,3.32,0.97,1986,1685,2,0,547,93,5,53,37,92,89,1,4,3,0,0,16.8,16.3,1.03,0.213,0.346,1.45
201,19,Á¶º´Ãµ,Ã»º¸,1,6,0,30,9,94.7,4.56,3.52,0.48,0.301,64.30,4.66,-1.03,2.86,2.92,0.92,1986,2314,0,0,407,99,5,53,49,48,37,0,0,3,2,0,11.8,9.1,1.30,0.275,0.338,1.44
202,20,±Ç¿µÈ£,»ï¼º,7,7,19,38,10,146.3,4.55,3.26,0.74,0.245,81.00,2.77,3.01,3.14,3.19,0.91,1986,1551,3,1,593,121,12,47,45,74,53,3,2,6,0,0,12.5,8.9,1.40,0.228,0.298,1.19
203,21,¹æ¼ö¿ø,ÇØÅÂ,2,4,5,29,1,63.0,4.86,2.43,0.43,0.309,73.30,2.86,0.21,2.49,2.57,0.89,1986,1891,0,0,264,66,3,26,20,34,17,0,3,0,1,0,12.9,6.4,2.00,0.276,0.322,1.32
204,22,±è¿ë³²,ÇØÅÂ,0,0,2,13,2,30.7,6.46,1.76,0.59,0.398,66.40,4.70,-0.63,1.75,1.98,0.87,1986,1659,0,0,143,45,2,19,16,22,6,1,0,0,0,0,15.4,4.2,3.67,0.344,0.370,1.66
205,23,¹®Èñ¼ö,ÇØÅÂ,7,2,0,15,11,75.0,2.64,2.88,0.24,0.269,73.20,3.00,1.23,3.06,2.91,0.82,1986,1811,0,0,299,66,2,27,25,22,24,0,3,0,0,0,7.4,8.0,0.92,0.257,0.315,1.20
206,24,À±ÇÐ±æ,·Ôµ¥,1,2,2,25,3,88.0,4.09,2.25,0.61,0.294,75.50,2.76,0.64,2.81,2.80,0.81,1986,2095,0,0,366,91,6,34,27,40,22,0,0,3,1,0,10.9,6.0,1.82,0.274,0.317,1.28
207,25,±èÁ¤Çà,·Ôµ¥,7,7,0,20,18,118.0,3.89,4.65,0.38,0.245,78.70,2.90,2.44,3.49,3.49,0.72,1986,1687,6,2,499,94,5,40,38,51,61,0,7,2,0,0,10.2,12.2,0.84,0.225,0.323,1.31
208,26,ÀÌ»óÀ±,ÇØÅÂ,10,5,0,21,18,115.0,3.68,3.99,0.55,0.233,74.00,2.97,1.59,3.46,3.43,0.71,1986,2139,3,1,478,91,7,45,38,47,51,1,3,1,1,0,9.8,10.7,0.92,0.219,0.305,1.23
209,27,¹ÚÃ¶¼ø,OB,5,3,0,13,7,53.3,4.89,3.71,0.51,0.272,70.50,3.54,0.32,2.86,2.96,0.65,1986,1877,1,1,220,46,3,23,21,29,22,0,0,4,0,0,13.2,10.0,1.32,0.243,0.321,1.28
210,28,°èÇüÃ¶,OB,5,7,0,22,21,111.0,3.81,4.05,0.65,0.255,72.70,3.16,1.11,3.58,3.57,0.58,1986,1520,3,1,452,94,8,48,39,47,50,0,2,3,0,0,10.4,11.1,0.94,0.242,0.326,1.30
211,29,±èÅÂ¿ø,MBC,2,6,3,33,12,107.0,4.21,3.45,0.67,0.240,79.80,2.86,1.86,3.24,3.26,0.50,1986,1716,1,0,438,87,8,35,34,50,41,1,1,2,0,0,11.4,9.4,1.22,0.227,0.299,1.20
212,30,¼º³«¼ö,ºù±×·¹,0,4,0,15,4,42.3,4.25,1.91,0.64,0.265,60.30,4.04,-0.29,2.75,2.76,0.47,1986,1934,0,0,175,39,3,22,19,20,9,0,1,2,0,0,11.4,5.1,2.22,0.245,0.286,1.13
213,31,¾ç»ó¹®,·Ôµ¥,1,2,0,21,4,37.3,5.06,2.17,0.48,0.238,86.40,1.93,1.07,2.68,2.77,0.43,1986,2012,0,0,145,27,2,8,8,21,9,0,5,2,0,0,14.5,6.2,2.33,0.213,0.263,0.96
214,32,±èÁø¿í,OB,4,6,3,28,7,81.7,4.52,4.52,0.44,0.300,68.70,4.08,-0.67,3.22,3.29,0.31,1986,1706,1,0,357,81,4,43,37,41,41,1,3,2,0,0,11.5,11.5,1.00,0.271,0.356,1.49
215,33,ÇÏ±â·æ,MBC,6,1,0,29,13,100.7,2.15,2.77,0.45,0.306,69.90,4.11,-0.24,3.40,3.20,0.30,1986,2434,0,0,431,114,5,50,46,24,31,4,5,2,0,0,5.6,7.2,0.77,0.298,0.349,1.44
216,34,ÀÌÁø¿ì,·Ôµ¥,1,0,0,16,6,40.0,3.83,4.73,0.23,0.295,78.90,2.03,0.56,3.13,3.12,0.25,1986,2195,1,0,177,40,1,14,9,17,21,0,0,1,0,0,9.6,11.9,0.81,0.272,0.357,1.53
217,35,ÀÌ¼±Èñ,MBC,0,2,0,7,2,17.7,6.11,1.53,1.02,0.383,64.90,5.09,-0.42,2.67,2.87,0.22,1986,2149,0,0,78,25,2,12,10,12,3,0,1,0,0,0,15.4,3.8,4.00,0.347,0.364,1.58
218,36,È²ÅÂÈ¯,OB,3,3,3,28,1,73.3,4.42,2.58,0.86,0.266,83.70,2.45,1.16,3.16,3.19,0.19,1986,2472,0,0,300,69,7,23,20,36,21,1,1,1,0,0,12.0,7.0,1.71,0.251,0.303,1.23
219,37,±èÁØÈñ,»ï¼º,0,0,0,8,0,13.7,4.61,3.95,0.00,0.380,66.70,5.93,-0.34,2.74,2.81,0.12,1986,1702,0,0,65,19,0,9,9,7,6,0,2,0,0,0,10.8,9.2,1.17,0.345,0.397,1.83
220,38,ÃÖ°èÈÆ,Ã»º¸,6,14,2,32,18,159.3,3.50,3.78,0.68,0.290,71.60,3.67,-0.17,3.63,3.57,0.12,1986,2363,6,1,688,164,12,79,65,62,67,3,5,3,0,0,9.0,9.7,0.93,0.278,0.347,1.45
221,39,ÀÌ±æÈ¯,MBC,1,0,0,4,1,10.0,1.80,0.90,0.00,0.351,68.80,4.50,-0.05,2.82,2.57,0.10,1986,2112,0,0,44,13,0,5,5,2,1,0,2,0,0,0,4.5,2.3,2.00,0.351,0.350,1.40
222,40,¿¹º´ÁØ,MBC,0,0,0,5,0,11.0,2.45,3.27,0.00,0.422,56.50,8.18,-0.55,2.78,2.62,0.09,1986,2038,0,0,53,19,0,10,10,3,4,0,0,3,0,0,5.7,7.5,0.75,0.413,0.442,2.09
223,41,¼Õ¹®°ï,ºù±×·¹,2,5,0,28,12,117.0,2.77,3.62,0.46,0.283,73.30,3.38,0.51,3.53,3.41,0.09,1986,1946,3,1,495,118,6,51,44,36,47,0,3,3,0,0,7.3,9.5,0.77,0.274,0.340,1.41
224,42,½Åµ¿¼ö,ÇØÅÂ,0,1,0,9,3,19.0,4.26,2.37,0.95,0.352,44.50,8.53,-1.07,3.27,3.28,0.07,1986,1972,0,0,87,27,2,19,18,9,5,0,0,0,0,0,10.3,5.7,1.80,0.333,0.368,1.68
225,43,ÀÓÈ£±Õ,·Ôµ¥,3,8,0,19,16,89.3,2.72,4.63,0.40,0.296,75.30,3.32,0.63,3.82,3.70,0.06,1986,2232,2,0,395,95,4,40,33,27,46,1,4,4,0,0,6.8,11.6,0.59,0.284,0.367,1.58
226,44,±â¼¼ºÀ,OB,0,0,0,1,0,3.0,0.00,0.00,0.00,0.000,0.00,0.00,0.30,2.52,2.07,0.06,1986,1560,0,0,3,0,0,0,0,0,0,0,0,0,0,0,0.0,0.0,0.00,0.000,0.000,0.00
227,45,°­¸¸½Ä,ÇØÅÂ,4,6,2,19,14,72.7,2.97,3.10,0.74,0.321,72.80,4.33,-0.29,3.76,3.64,0.04,1986,1504,1,0,331,91,6,39,35,24,25,2,5,0,0,0,7.3,7.6,0.96,0.310,0.363,1.60
228,46,¹Úµ¿°æ,»ï¼º,0,0,0,1,0,2.7,6.75,6.75,0.00,0.375,80.00,3.38,0.02,2.51,2.82,0.03,1986,1829,0,0,12,3,0,1,1,2,2,0,0,0,0,0,16.7,16.7,1.00,0.300,0.417,1.88
229,47,±èÈÆ±â,»ï¼º,0,1,0,3,1,8.0,1.13,3.38,0.00,0.290,66.70,3.38,-0.03,3.24,2.95,0.03,1986,1737,0,0,35,9,0,4,3,1,3,0,0,0,0,0,2.9,8.6,0.33,0.290,0.343,1.50
230,48,¿À¿µÀÏ,MBC,12,8,0,33,21,132.0,2.93,3.75,0.61,0.283,77.30,3.00,1.26,3.71,3.60,0.02,1986,2049,0,0,569,136,9,54,44,43,55,2,4,0,1,0,7.6,9.7,0.78,0.275,0.344,1.45
231,49,±èºÀ±Ù,Ã»,2,0,4,0,1,0.0,0.00,0.00,0.00,0.854,134.70,16.00,0.00,0.00,0.00,0.00,1986,1618,11,1,51,182,42,15,18,1,3,16,0,2,0,0,2.0,5.9,0.33,0.888,0.881,0.00
232,50,±è½ÅºÎ,Ã»,14,0,10,0,3,0.0,0.00,0.00,0.00,0.828,139.20,83.00,0.00,0.00,0.00,0.00,1986,1653,40,10,233,857,220,89,93,1,5,57,5,21,1,0,0.4,2.1,0.20,0.888,0.866,0.00
233,51,±èÀçÇö,Ã»,2,0,2,0,0,0.0,0.00,0.00,0.00,0.750,250.00,10.00,0.00,0.00,0.00,0.00,1986,1681,5,0,4,22,10,2,10,0,0,4,0,0,0,0,0.0,0.0,0.00,0.846,0.846,0.00
234,52,¹ÚÇü¿­,OB,0,0,0,2,0,2.7,0.00,3.38,0.00,0.111,50.00,3.38,0.02,3.61,3.20,-0.01,1986,1884,0,0,10,1,0,1,1,0,1,0,0,0,0,0,0.0,10.0,0.00,0.111,0.200,0.75
235,53,½ÅÅÂ¼ø,ÇØÅÂ,0,0,0,1,0,1.3,0.00,6.75,0.00,0.444,20.00,20.25,-0.31,4.70,4.32,-0.03,1986,1990,0,0,10,4,0,4,3,0,1,0,0,0,0,0,0.0,10.0,0.00,0.444,0.500,3.75
236,54,Áøµ¿ÇÑ,»ï¼º,9,4,4,24,10,109.3,3.05,3.38,0.66,0.253,76.60,2.88,1.22,3.60,3.50,-0.05,1986,2344,2,0,457,99,8,42,35,37,41,2,3,1,2,0,8.1,9.0,0.90,0.246,0.314,1.28
237,55,Á¤¼º¸¸,Ã»º¸,1,7,0,16,10,47.7,3.78,3.78,0.76,0.378,60.20,6.23,-1.72,3.80,3.77,-0.06,1986,2280,0,0,226,69,4,40,33,20,20,0,3,1,0,0,8.8,8.8,1.00,0.356,0.412,1.87
238,56,½ÅÅÂÁß,Ã»º¸,0,1,0,10,1,24.7,2.55,3.65,0.36,0.366,69.50,4.74,-0.45,3.52,3.37,-0.06,1986,1991,0,0,144,35,1,15,13,7,10,0,1,0,0,0,4.9,6.9,0.70,0.350,0.405,1.82
239,57,¾çÀÏÈ¯,»ï¼º,6,3,1,22,12,96.7,3.07,4.38,0.47,0.243,70.60,3.72,0.33,3.70,3.62,-0.06,1986,2017,3,1,409,80,5,44,40,33,47,3,6,2,0,0,8.1,11.5,0.70,0.232,0.322,1.31
240,58,±è¼ºÇÑb,ÇØÅÂ,0,1,0,1,1,3.0,0.00,9.00,0.00,0.167,40.00,9.00,-0.14,5.43,5.07,-0.06,1986,1640,0,0,15,2,0,3,3,0,3,0,0,0,0,0,0.0,20.0,0.00,0.167,0.333,1.67
241,59,°¨»ç¿ë,OB,0,0,0,1,0,3.0,3.00,0.00,3.00,0.222,125.00,3.00,0.04,5.89,5.74,-0.11,1986,1499,0,0,12,3,1,1,1,1,0,0,0,0,0,0,8.3,0.0,0.00,0.273,0.273,1.00
242,60,Ãµ¼ºÈ£,Ã»º¸,0,1,0,5,2,6.3,2.84,4.26,1.42,0.250,58.10,7.11,-0.23,5.03,4.92,-0.14,1986,2360,0,0,30,7,1,5,5,2,3,0,0,0,1,0,6.7,10.0,0.67,0.259,0.333,1.58
243,61,±è´ëÇö,ÇØÅÂ,0,2,0,18,2,53.7,3.35,2.85,0.84,0.270,68.70,4.36,-0.46,3.62,3.55,-0.21,1986,1591,0,0,231,55,5,28,26,20,17,1,2,1,2,0,8.7,7.4,1.18,0.262,0.317,1.34
244,62,±èÁ¤¼ö,Ã»º¸,0,0,0,6,0,7.3,2.45,6.14,1.23,0.346,58.80,6.14,-0.42,5.48,5.35,-0.24,1986,1683,0,0,35,10,1,7,5,2,5,0,0,0,0,0,5.7,14.3,0.40,0.357,0.441,2.05
245,63,±è»ó±â,Ã»º¸,0,2,0,5,1,6.3,2.84,7.11,1.42,0.350,51.70,7.11,-0.45,5.95,5.86,-0.24,1986,1621,0,0,29,8,1,7,5,2,5,0,0,0,0,0,6.9,17.2,0.40,0.348,0.464,2.05
246,64,Àü¿ë±Ç,»ï¼º,1,0,0,11,1,28.7,2.20,3.77,0.63,0.239,70.20,3.77,-0.03,3.93,3.75,-0.25,1986,2260,1,1,117,24,2,13,12,7,12,1,1,2,0,0,6.0,10.3,0.58,0.240,0.319,1.26
247,65,Àå¸íºÎ,ºù±×·¹,1,18,0,22,17,108.3,3.99,3.41,1.00,0.319,66.80,4.98,-1.65,3.99,3.98,-0.26,1986,2233,3,0,493,130,12,71,60,48,41,1,9,2,2,0,9.7,8.3,1.17,0.306,0.363,1.58
248,66,À±¼®È¯,OB,2,4,0,18,10,63.3,1.85,4.26,0.43,0.279,74.40,3.13,0.31,3.96,3.75,-0.27,1986,2092,0,0,281,66,3,28,22,13,30,0,1,1,0,0,4.6,10.7,0.43,0.276,0.353,1.52
249,67,±è¿¬Ã¶,ºù±×·¹,4,4,0,18,7,88.0,1.43,1.94,0.72,0.276,70.50,3.27,0.16,3.79,3.51,-0.29,1986,1655,4,0,350,91,7,40,32,14,19,0,2,0,0,0,4.0,5.4,0.74,0.280,0.320,1.25
250,68,ÀÌÃæ¿ì,·Ôµ¥,0,1,0,3,1,10.0,1.80,3.60,1.80,0.350,46.50,9.90,-0.69,5.70,5.47,-0.30,1986,2197,0,0,49,16,2,12,11,2,4,0,0,0,0,0,4.1,8.2,0.50,0.364,0.417,2.00
251,69,ÀÌ¿ì»ó,Ã»º¸,0,0,0,6,0,9.3,2.89,7.71,0.96,0.286,73.90,5.79,-0.22,5.47,5.40,-0.30,1986,2166,0,0,48,11,1,6,6,3,8,0,0,0,0,0,6.2,16.7,0.38,0.282,0.404,2.04
252,70,°­»óÁø,ÇØÅÂ,1,0,0,10,0,22.7,3.57,4.37,0.79,0.275,64.30,5.16,-0.57,4.18,4.15,-0.30,1986,1510,0,0,107,24,2,15,13,9,11,0,2,1,0,0,8.4,10.3,0.82,0.276,0.343,1.54
253,71,Á¤»ïÈì,MBC,1,2,1,18,12,52.7,3.59,6.15,0.51,0.309,69.40,4.61,-0.67,4.14,4.12,-0.32,1986,2278,0,0,241,57,3,32,27,21,36,1,2,1,1,0,8.7,14.9,0.58,0.288,0.396,1.77
254,72,¿À¹®Çö,ºù±×·¹,0,2,0,3,2,3.0,0.00,3.00,6.00,0.429,64.50,15.00,-0.37,12.18,11.74,-0.35,1986,2041,0,0,17,8,2,5,5,0,1,0,0,0,0,0,0.0,5.9,0.00,0.500,0.529,3.00
255,73,È²±â¼±,OB,0,0,0,11,1,24.3,2.22,5.55,0.37,0.305,69.70,4.44,-0.36,4.37,4.21,-0.37,1986,2468,0,0,108,26,1,14,12,6,15,0,2,1,2,0,5.6,13.9,0.40,0.295,0.394,1.68
256,74,ÃÖ»óÁÖ,ÇØÅÂ,0,0,0,8,0,7.3,3.68,11.05,1.23,0.200,36.80,9.82,-0.74,6.67,6.71,-0.37,1986,2369,0,0,39,6,1,10,8,3,9,0,0,0,0,0,7.7,23.1,0.33,0.207,0.395,2.05
257,75,È²±ÔºÀ,»ï¼º,3,5,2,13,8,50.0,1.80,3.60,0.72,0.257,67.80,3.96,-0.17,4.20,3.97,-0.38,1986,2467,1,0,208,48,4,26,22,10,20,0,1,2,0,0,4.8,9.6,0.50,0.261,0.332,1.36
258,76,¹Ú»ó¿­,OB,0,6,1,17,7,64.3,2.10,3.92,0.42,0.292,72.00,3.92,-0.07,3.99,3.80,-0.41,1986,1841,1,0,278,66,3,31,28,15,28,0,6,1,0,0,5.4,10.1,0.54,0.286,0.359,1.46
259,77,Á¤Àº¹è,Ã»º¸,2,9,3,31,11,105.3,3.50,3.76,0.77,0.310,63.30,4.53,-2.34,3.80,3.74,-0.44,1986,2292,0,0,469,120,9,70,53,41,44,2,5,2,0,0,8.7,9.4,0.93,0.295,0.363,1.56
260,78,¹Î¹®½Ä,ºù±×·¹,1,2,0,8,4,16.0,2.81,4.50,1.69,0.241,70.70,5.06,-0.26,5.50,5.39,-0.44,1986,1813,0,0,70,16,3,10,9,5,8,0,0,1,0,0,7.1,11.4,0.62,0.258,0.343,1.50
261,79,¹è°æÈ¯,·Ôµ¥,3,2,4,18,8,58.0,2.79,3.72,0.78,0.246,78.90,2.79,0.72,4.09,3.97,-0.48,1986,1892,1,0,244,51,5,22,18,18,24,0,3,1,0,0,7.4,9.8,0.75,0.245,0.321,1.29
262,80,Á¤¼±µÎ,Ã»º¸,1,2,0,12,2,25.7,1.05,3.16,1.05,0.289,61.50,3.51,-0.71,4.72,4.41,-0.50,1986,2279,0,0,115,31,3,18,10,3,9,0,0,1,0,0,2.6,7.8,0.33,0.304,0.357,1.56
263,81,¼ÛÁøÈ£,»ï¼º,0,0,2,6,0,13.7,1.32,1.98,1.98,0.178,92.60,3.29,0.13,5.81,5.51,-0.58,1986,1963,0,0,54,11,3,5,5,2,3,0,1,0,0,0,3.7,5.6,0.67,0.220,0.264,1.02
264,82,°­Ã¶¿ø,Ã»º¸,0,2,0,8,3,12.0,2.25,3.75,2.25,0.318,62.50,9.00,-0.69,7.01,6.82,-0.60,1986,1515,0,0,60,17,3,12,12,3,5,0,3,0,0,0,5.0,8.3,0.60,0.340,0.400,1.83
265,83,¾ÈÃ¢¿Ï,·Ôµ¥,0,0,0,4,0,6.7,0.00,5.40,4.05,0.269,71.40,6.75,-0.44,10.13,9.72,-0.62,1986,2007,0,0,34,10,3,7,5,0,4,0,0,0,0,0,0.0,11.8,0.00,0.345,0.424,2.10
266,84,±Ç±âÈ«,»ï¼º,0,2,0,5,2,12.7,4.97,2.13,3.55,0.317,50.00,9.24,-0.89,7.21,7.28,-0.63,1986,1545,0,0,60,18,5,15,13,7,3,0,2,1,0,0,11.7,5.0,2.33,0.346,0.375,1.66
267,85,ÀÓÀçÁØ,ºù±×·¹,0,0,0,10,1,27.3,4.94,3.62,1.98,0.222,67.70,5.27,-0.54,4.95,5.04,-0.63,1986,2220,0,0,114,24,6,17,16,15,11,0,0,1,0,0,13.2,9.6,1.36,0.240,0.310,1.28
268,86,±èÀç¿­,ºù±×·¹,2,8,1,25,8,89.7,2.41,3.91,0.50,0.279,67.90,3.41,-0.83,4.00,3.84,-0.66,1986,1680,1,0,393,91,5,49,34,24,39,0,8,4,0,0,6.1,9.9,0.62,0.272,0.346,1.45
269,87,ÃµÃ¢È£,ºù±×·¹,0,3,1,22,4,38.7,3.96,3.49,1.40,0.298,56.80,5.35,-1.63,4.62,4.61,-0.71,1986,2361,0,0,174,45,6,32,23,17,15,0,3,0,0,0,9.8,8.6,1.13,0.292,0.355,1.55
270,88,Á¶È£Ç¥,ºù±×·¹,0,0,0,2,0,2.3,3.86,7.72,19.29,0.406,38.50,54.00,-1.01,31.71,31.65,-0.74,1986,2334,0,0,40,18,5,15,14,1,2,0,0,0,0,0,2.5,5.0,0.50,0.474,0.500,8.57
271,89,³ë»ó¼ö,·Ôµ¥,3,5,0,16,10,49.3,2.92,3.65,1.46,0.328,71.80,5.66,-1.04,5.29,5.18,-1.10,1986,1747,1,0,228,65,8,34,31,16,20,0,7,1,0,0,7.0,8.8,0.80,0.328,0.390,1.72
272,1,ÃÖµ¿¿ø,·Ôµ¥,14,12,2,32,25,224.0,6.55,2.45,0.24,0.318,74.20,2.81,4.78,1.96,2.24,8.14,1987,2366,14,4,920,218,6,80,70,163,61,2,7,3,0,0,17.7,6.6,2.67,0.262,0.311,1.25
273,2,¼±µ¿¿­,ÇØÅÂ,14,2,6,31,26,162.0,8.00,2.61,0.11,0.222,86.60,0.89,8.46,1.33,1.76,7.49,1987,1931,7,4,604,89,2,21,16,144,47,1,3,1,1,0,23.8,7.8,3.06,0.166,0.232,0.84
274,3,ÇÑÈñ¹Î,ºù±×·¹,13,8,4,30,22,206.0,5.07,1.92,0.31,0.248,72.10,2.36,5.94,2.33,2.45,6.44,1987,2448,14,3,798,156,7,64,54,116,44,2,4,0,1,0,14.5,5.5,2.64,0.217,0.260,0.97
275,4,À±ÇÐ±æ,·Ôµ¥,13,10,1,31,22,200.0,3.78,2.79,0.18,0.290,75.90,2.57,4.80,2.79,2.79,4.27,1987,2095,13,2,815,191,4,66,57,84,62,5,3,2,0,0,10.3,7.6,1.35,0.262,0.318,1.27
276,5,ÀÌ»ó±º,ºù±×·¹,18,11,2,33,29,246.7,3.10,1.90,0.47,0.265,76.60,2.55,6.26,3.28,3.21,3.89,1987,2133,24,3,1006,233,13,83,70,85,52,1,10,2,2,0,8.4,5.2,1.63,0.252,0.291,1.16
277,6,ÀåÈ£¿¬,OB,15,8,6,32,21,188.3,3.49,3.54,0.05,0.276,74.00,2.82,4.22,3.10,3.08,3.36,1987,2254,13,2,784,170,1,67,59,73,74,1,10,6,0,0,9.3,9.4,0.99,0.249,0.321,1.30
278,7,±èÁø¿í,OB,4,7,6,32,19,150.3,4.85,3.47,0.18,0.264,74.70,2.57,3.48,2.71,2.83,3.18,1987,1706,7,2,601,120,3,49,43,81,58,2,3,1,1,0,13.5,9.7,1.40,0.229,0.304,1.18
279,8,±è½ÃÁø,»ï¼º,23,6,0,33,11,193.3,5.26,4.47,0.42,0.271,76.40,3.12,3.76,3.32,3.49,2.86,1987,1651,7,3,818,166,9,73,67,113,96,1,7,5,1,0,13.8,11.7,1.18,0.238,0.328,1.36
280,9,±è¿ë¼ö,MBC,9,5,24,52,50,141.0,4.53,2.30,0.38,0.237,81.80,1.98,4.76,2.67,2.74,2.80,1987,1661,0,0,560,109,6,34,31,71,36,6,4,0,0,0,12.7,6.4,1.97,0.215,0.265,1.03
281,10,±è°Ç¿ì,MBC,12,7,0,26,6,163.3,3.09,2.81,0.28,0.295,78.30,2.64,4.23,3.24,3.17,2.71,1987,1565,6,1,686,170,5,54,48,56,51,0,3,1,1,0,8.2,7.4,1.10,0.274,0.329,1.35
282,11,ÃÖÀÏ¾ð,OB,14,8,1,24,13,154.7,4.07,4.07,0.23,0.262,76.70,2.56,3.83,3.33,3.37,2.27,1987,2385,9,2,639,129,4,52,44,70,70,0,6,5,0,0,11.0,11.0,1.00,0.235,0.320,1.29
283,12,Á¤»ïÈì,MBC,6,13,2,33,17,195.3,3.92,3.36,0.46,0.263,77.20,2.86,4.08,3.43,3.45,2.12,1987,2278,8,3,804,171,10,68,62,85,73,3,7,3,0,0,10.6,9.1,1.16,0.243,0.312,1.25
284,13,±èÁ¤Çà,·Ôµ¥,6,5,0,17,5,102.0,4.06,3.62,0.26,0.282,69.30,3.62,1.43,3.14,3.18,1.95,1987,1687,5,2,426,95,3,45,41,46,41,0,1,2,0,0,10.8,9.6,1.12,0.255,0.327,1.33
285,14,¹Úµ¿¼ö,·Ôµ¥,9,8,3,32,17,140.0,4.56,1.74,0.64,0.327,69.50,4.24,0.06,3.17,3.24,1.92,1987,1830,8,1,601,164,10,72,66,71,27,0,13,3,0,0,11.8,4.5,2.63,0.299,0.330,1.36
286,15,Â÷µ¿Ã¶,ÇØÅÂ,9,11,0,35,12,159.7,2.76,2.20,0.45,0.280,71.70,3.16,2.30,3.40,3.29,1.91,1987,2350,7,2,653,157,8,65,56,49,39,2,5,0,0,0,7.5,6.0,1.26,0.267,0.312,1.23
287,16,°èÇüÃ¶,OB,8,12,0,25,6,148.3,3.22,4.49,0.18,0.246,72.30,2.61,2.75,3.67,3.63,1.67,1987,1520,5,0,633,122,3,59,43,53,74,0,6,1,0,0,8.4,11.7,0.72,0.228,0.320,1.32
288,17,¿À¸í·Ï,·Ôµ¥,5,3,0,13,6,76.7,4.81,3.52,0.23,0.279,76.10,2.93,1.69,2.80,2.91,1.57,1987,2040,4,1,324,70,2,26,25,41,30,0,0,3,0,0,12.7,9.3,1.37,0.246,0.315,1.30
289,18,±èÁ¤¼öc,ÇØÅÂ,6,7,0,23,6,80.3,8.74,6.39,0.45,0.262,62.90,4.37,-0.53,2.91,3.45,1.49,1987,1685,2,0,357,59,4,48,39,78,57,0,4,4,1,0,21.8,16.0,1.37,0.204,0.332,1.44
290,19,¹®Èñ¼ö,ÇØÅÂ,7,7,2,22,11,109.3,3.05,2.22,0.41,0.244,76.10,2.22,2.88,3.29,3.21,1.48,1987,1811,4,1,429,89,5,34,27,37,27,1,4,0,1,0,8.6,6.3,1.37,0.234,0.281,1.06
291,20,¾ç»ó¹®,Ã»º¸,12,13,0,36,19,209.3,3.61,2.84,0.77,0.253,73.60,3.10,2.77,3.79,3.77,1.35,1987,2012,13,3,863,188,18,87,72,84,66,2,5,2,0,0,9.7,7.6,1.27,0.245,0.302,1.21
292,21,À±¼®È¯,OB,7,8,2,25,10,105.0,3.51,3.26,0.43,0.330,72.60,3.94,0.58,3.44,3.42,1.10,1987,2092,3,2,457,124,5,50,46,41,38,1,2,1,0,0,9.0,8.3,1.08,0.306,0.364,1.54
293,22,½Åµ¿¼ö,ÇØÅÂ,5,4,0,31,10,127.7,4.72,3.74,0.70,0.264,77.90,3.03,2.03,3.55,3.66,0.99,1987,1972,2,1,524,112,10,48,43,67,53,4,3,0,0,0,12.8,10.1,1.26,0.243,0.320,1.29
294,23,±è¿ë³²,ºù±×·¹,4,5,0,16,7,87.7,3.80,1.95,0.82,0.331,69.50,4.72,0.02,3.53,3.53,0.97,1987,1659,4,0,383,111,8,48,46,37,19,0,2,0,0,0,9.7,5.0,1.95,0.315,0.347,1.48
295,24,À¯Á¾°â,MBC,7,5,0,18,2,88.3,3.57,4.08,0.31,0.271,78.00,2.24,1.96,3.65,3.64,0.86,1987,2073,2,0,377,80,3,31,22,35,40,1,6,0,0,0,9.3,10.6,0.88,0.248,0.331,1.36
296,25,¹æ¼ö¿ø,ÇØÅÂ,3,2,3,23,15,65.7,3.97,2.74,0.27,0.314,60.30,4.25,-0.87,3.01,3.03,0.77,1987,1891,0,0,279,71,2,39,31,29,20,0,3,0,0,0,10.4,7.2,1.45,0.285,0.336,1.39
297,26,¹è°æÈ¯,Ã»º¸,4,7,2,26,15,104.7,2.58,2.41,0.60,0.297,67.80,3.70,0.01,3.61,3.48,0.73,1987,1892,5,0,449,118,7,54,43,30,28,4,1,2,0,0,6.7,6.2,1.07,0.292,0.333,1.39
298,27,Áøµ¿ÇÑ,»ï¼º,12,6,2,28,7,144.0,2.13,3.06,0.50,0.283,76.30,2.81,2.55,4.01,3.84,0.63,1987,2344,2,0,596,144,8,56,45,34,49,2,7,0,0,0,5.7,8.2,0.69,0.277,0.337,1.34
299,28,¾çÀÏÈ¯,»ï¼º,8,4,1,18,9,86.0,3.66,3.56,0.42,0.234,82.00,1.88,2.63,3.66,3.65,0.61,1987,2017,4,2,333,62,4,23,18,35,34,0,6,0,0,0,10.5,10.2,1.03,0.217,0.299,1.12
300,29,¹ÚÃ¶¼ø,OB,2,0,1,5,2,24.0,4.13,3.38,0.00,0.230,73.10,2.25,0.73,2.63,2.68,0.60,1987,1877,1,0,97,17,0,7,6,11,9,0,0,0,0,0,11.3,9.3,1.22,0.202,0.277,1.08
301,30,Á¤Àº¹è,Ã»º¸,1,3,3,22,11,60.7,4.01,2.82,0.59,0.386,66.10,5.19,-1.09,3.30,3.32,0.59,1987,2292,0,0,279,87,4,40,35,27,19,2,1,0,0,0,9.7,6.8,1.42,0.355,0.400,1.75
302,31,ÀÓÈ£±Õ,Ã»º¸,9,10,0,27,13,173.7,1.97,4.15,0.41,0.293,73.50,3.78,1.67,4.13,3.96,0.57,1987,2232,11,1,748,185,8,80,73,38,80,9,6,8,0,0,5.1,10.7,0.48,0.286,0.363,1.53
303,32,ÀÌ»óÀ±,ÇØÅÂ,2,4,0,12,0,42.0,2.79,4.07,0.21,0.302,61.90,4.93,-0.20,3.67,3.59,0.49,1987,2139,0,0,186,46,1,26,23,13,19,0,1,0,0,0,7.0,10.2,0.68,0.286,0.357,1.55
304,33,¿À¿µÀÏ,MBC,9,8,0,30,3,143.3,2.57,3.20,0.63,0.287,69.30,4.27,0.40,4.13,4.02,0.44,1987,2049,2,0,621,155,10,75,68,41,51,0,7,2,0,0,6.6,8.2,0.80,0.281,0.339,1.44
305,34,Á¶º´Ãµ,Ã»º¸,4,4,0,19,12,78.3,4.37,1.84,1.03,0.300,64.60,4.71,-0.55,3.67,3.72,0.38,1987,2314,4,0,326,85,9,45,41,38,16,0,3,2,0,0,11.7,4.9,2.38,0.284,0.320,1.29
306,35,±è´ëÁß,ºù±×·¹,2,6,0,13,4,75.7,3.69,3.21,0.71,0.237,65.10,4.16,0.22,3.95,3.95,0.36,1987,1590,3,0,317,63,6,39,35,31,27,1,6,4,2,0,9.8,8.5,1.15,0.229,0.295,1.19
307,36,³ë»ó¼ö,·Ôµ¥,4,2,0,13,5,66.0,3.41,2.73,0.68,0.295,71.60,4.23,0.35,3.87,3.83,0.34,1987,1747,3,1,277,70,5,32,31,25,20,0,5,1,0,0,9.0,7.2,1.25,0.281,0.333,1.36
308,37,±èÅÂ¿ø,MBC,0,2,0,10,7,32.0,4.50,1.97,0.56,0.407,50.70,8.44,-1.54,3.34,3.40,0.27,1987,1716,1,0,149,50,2,32,30,16,7,0,5,1,0,0,10.7,4.7,2.29,0.370,0.399,1.78
309,38,¿¹º´ÁØ,MBC,1,1,0,15,6,39.7,2.50,2.27,0.45,0.310,62.70,3.86,-0.30,3.54,3.40,0.27,1987,2038,0,0,170,46,2,23,17,11,10,0,1,1,1,0,6.5,5.9,1.10,0.303,0.339,1.41
310,39,ÀÌ±æÈ¯,MBC,4,4,0,20,8,73.3,2.45,3.31,0.37,0.309,67.40,4.42,-0.31,3.85,3.72,0.27,1987,2112,1,0,327,86,3,41,36,20,27,0,4,0,1,0,6.1,8.3,0.74,0.297,0.354,1.54
311,40,±è¼º±æ,»ï¼º,0,1,3,11,9,31.0,3.77,2.03,0.58,0.276,72.60,3.19,0.26,3.35,3.34,0.25,1987,1633,1,0,133,31,2,13,11,13,7,0,2,0,0,0,9.8,5.3,1.86,0.261,0.299,1.23
312,41,±è±âÅÂb,»ï¼º,7,5,0,17,7,95.0,4.36,4.55,0.76,0.274,66.80,4.74,-0.35,4.26,4.33,0.25,1987,1587,5,1,418,89,8,57,50,46,48,5,12,3,0,0,11.0,11.5,0.96,0.256,0.344,1.44
313,42,ÀÌÃæ¿ì,·Ôµ¥,0,0,0,9,8,20.7,3.92,1.74,0.44,0.274,73.20,3.05,0.21,2.95,2.95,0.25,1987,2197,0,0,88,21,1,8,7,9,4,0,1,1,0,0,10.2,4.5,2.25,0.256,0.287,1.21
314,43,¾ÈÃ¢¿Ï,·Ôµ¥,1,3,3,20,11,51.3,5.08,5.96,0.35,0.292,70.70,4.21,-0.06,3.67,3.83,0.21,1987,2007,0,0,225,47,2,26,24,29,34,1,1,1,1,0,12.9,15.1,0.85,0.257,0.370,1.58
315,44,ÀÌ¼±Èñ,MBC,1,3,0,14,3,38.3,4.93,5.40,0.23,0.311,67.60,5.40,-0.31,3.84,3.98,0.17,1987,2149,0,0,175,38,1,23,23,21,23,1,7,3,0,0,12.0,13.1,0.91,0.271,0.372,1.59
316,45,¹Ú»ó¿­,OB,3,3,1,16,6,58.7,2.30,3.99,0.31,0.321,70.60,3.84,-0.14,4.02,3.88,0.12,1987,1841,0,0,273,73,2,32,25,15,26,0,3,0,1,0,5.5,9.5,0.58,0.308,0.375,1.69
317,46,È²±â¼±,OB,0,0,0,2,2,1.7,10.80,0.00,0.00,0.429,0.00,0.00,-0.22,-0.63,0.07,0.11,1987,2468,0,0,9,3,0,3,0,2,0,0,0,1,1,0,22.2,0.0,0.00,0.375,0.333,1.80
318,47,ÀÌ»óÈÆ,Ã»º¸,0,0,0,4,2,6.0,7.50,7.50,0.00,0.421,46.20,10.50,-0.42,2.87,3.30,0.08,1987,2143,0,0,30,8,0,7,7,5,5,0,0,0,0,0,16.7,16.7,1.00,0.333,0.448,2.17
319,48,ÀÌÃ´±â,»ï¼º,0,0,0,1,0,2.0,4.50,0.00,0.00,0.286,0.00,9.00,-0.11,1.42,1.47,0.07,1987,2196,0,0,8,2,0,2,2,1,0,0,0,0,0,0,12.5,0.0,0.00,0.250,0.250,1.00
320,49,ÀåÅÂ¼ö,»ï¼º,1,1,2,26,13,63.7,2.26,3.68,0.28,0.322,68.90,4.66,-0.30,3.84,3.69,0.06,1987,2251,0,0,280,75,2,34,33,16,26,0,2,1,1,0,5.7,9.3,0.62,0.310,0.373,1.59
321,50,Á¤¼±µÎ,Ã»º¸,0,0,0,5,3,9.7,1.86,3.72,0.00,0.389,55.60,7.45,-0.35,3.48,3.30,0.04,1987,2279,0,0,43,14,0,8,8,2,4,0,0,1,0,0,4.7,9.3,0.50,0.378,0.429,1.86
322,51,±è´ëÇö,ÇØÅÂ,9,5,3,31,13,142.3,3.22,3.35,0.76,0.241,80.60,2.78,2.97,4.06,4.01,0.04,1987,1591,3,0,580,121,12,48,44,51,53,2,4,3,0,0,8.8,9.1,0.96,0.237,0.306,1.22
323,52,±èÁ¾¼®,·Ôµ¥,1,4,0,13,3,42.7,3.38,4.22,0.63,0.302,72.90,4.22,0.05,4.14,4.11,0.03,1987,1695,1,1,192,48,3,22,20,16,20,1,2,3,0,0,8.3,10.4,0.80,0.287,0.362,1.59
324,53,±èºÀ±Ù,Ã»,11,1,11,0,17,2.0,4.50,27.00,733.50,0.849,159.50,73.00,0.00,1025.09,1020.47,0.00,1987,1618,27,5,135,533,163,41,82,1,6,37,4,4,1,0,0.7,4.4,0.17,0.903,0.889,269.50
325,54,±è½ÅºÎ,Ã»,10,1,11,0,16,1.0,9.00,9.00,1188.00,0.808,158.10,51.00,0.00,1646.08,1638.47,0.00,1987,1653,27,4,114,440,132,33,54,1,1,32,5,13,1,0,0.9,0.9,1.00,0.880,0.856,441.00
326,55,±è¿¬Ã¶,ºù±×·¹,1,7,0,20,11,74.3,2.30,2.30,0.73,0.337,67.20,4.96,-0.76,4.13,3.97,-0.01,1987,1655,2,0,330,99,6,46,41,19,19,0,5,1,1,0,5.8,5.8,1.00,0.336,0.369,1.59
327,56,ÃÖÁø¿µ,»ï¼º,0,1,0,1,0,2.0,0.00,9.00,0.00,0.250,75.00,4.50,0.02,5.79,5.47,-0.03,1987,2391,0,0,10,2,0,1,1,0,2,0,0,0,1,0,0.0,20.0,0.00,0.250,0.400,2.00
328,57,±è°æ³²,OB,0,0,0,2,2,5.0,3.60,0.00,1.80,0.400,65.80,7.20,-0.17,4.32,4.27,-0.04,1987,1567,0,0,23,9,1,4,4,2,0,0,0,0,0,0,8.7,0.0,0.00,0.409,0.391,1.80
329,58,ÀÌ¹®ÇÑ,·Ôµ¥,1,0,0,13,5,36.0,4.00,6.00,0.50,0.213,82.30,2.75,0.84,4.16,4.22,-0.04,1987,2127,1,0,152,25,2,11,11,16,24,1,0,0,0,0,10.5,15.8,0.67,0.202,0.327,1.36
330,59,ÃÖ»óÁÖ,ÇØÅÂ,0,0,0,3,3,5.3,0.00,5.06,0.00,0.423,50.00,11.81,-0.44,4.51,4.16,-0.05,1987,2369,0,0,29,11,0,7,7,0,3,0,0,0,0,0,0.0,10.3,0.00,0.440,0.483,2.63
331,60,±è»ó±â,Ã»º¸,0,0,0,3,2,2.3,0.00,7.72,0.00,0.375,60.00,7.71,-0.10,5.37,5.04,-0.05,1987,1621,0,0,10,3,0,2,2,0,2,0,0,0,0,0,0.0,20.0,0.00,0.375,0.500,2.14
332,61,ÃÖÃ¢È£,Ã»º¸,0,1,0,8,4,16.7,3.78,5.94,0.54,0.333,58.80,7.56,-0.60,4.18,4.21,-0.07,1987,2394,0,0,79,21,1,14,14,7,11,1,0,0,1,0,8.9,13.9,0.64,0.318,0.405,1.92
333,62,¹Î¹®½Ä,ºù±×·¹,0,0,0,3,2,5.7,4.77,4.77,1.59,0.316,81.40,3.18,-0.03,5.17,5.29,-0.11,1987,1813,0,0,26,7,1,3,2,3,3,0,0,0,0,0,11.5,11.5,1.00,0.304,0.385,1.76
334,63,¹Úµ¿°æ,»ï¼º,1,1,0,8,4,29.7,3.03,4.85,0.61,0.303,69.30,5.16,-0.15,4.44,4.39,-0.11,1987,1829,1,0,131,32,2,17,17,10,16,0,1,2,0,0,7.6,12.2,0.62,0.288,0.378,1.62
335,64,±èÁØÈñ,»ï¼º,0,0,0,4,0,7.0,0.00,7.71,0.00,0.406,42.10,14.14,-0.71,5.37,5.04,-0.13,1987,1702,0,0,40,13,0,11,11,0,6,0,0,2,0,0,0.0,15.0,0.00,0.406,0.500,2.71
336,65,±Ç¿µÈ£,»ï¼º,5,3,18,32,25,89.7,2.81,3.01,0.70,0.234,81.70,2.41,2.38,3.93,3.83,-0.14,1987,1551,0,0,356,74,7,27,24,28,30,1,0,1,0,0,7.9,8.4,0.93,0.233,0.296,1.16
337,66,Àü¿ë±Ç,»ï¼º,0,0,0,1,0,0.3,0.00,0.00,27.03,0.667,0.00,81.00,-0.25,42.04,41.51,-0.16,1987,2260,0,0,4,3,1,3,3,0,0,0,0,0,0,0,0.0,0.0,0.00,0.750,0.750,9.01
338,67,¿À¹®Çö,ºù±×·¹,0,1,0,2,0,2.0,0.00,22.50,0.00,0.333,50.00,18.00,-0.29,10.15,9.97,-0.16,1987,2041,0,0,14,3,0,4,4,0,5,0,0,0,1,0,0.0,35.7,0.00,0.333,0.571,4.00
339,68,È²ÅÂÈ¯,OB,2,3,5,28,12,65.7,2.74,2.74,0.82,0.289,60.70,5.48,-1.13,4.07,3.96,-0.17,1987,2472,0,0,280,73,6,42,40,20,20,1,1,2,2,0,7.1,7.1,1.00,0.284,0.335,1.42
340,69,Á¤¼º¸¸,·Ôµ¥,0,2,0,4,1,16.3,2.20,4.41,1.10,0.323,53.20,6.61,-0.64,5.37,5.22,-0.21,1987,2280,1,0,77,22,2,16,12,4,8,0,1,0,0,0,5.2,10.4,0.50,0.328,0.395,1.84
341,70,ÇÑ¿ÀÁ¾,OB,0,0,0,3,2,5.0,1.80,7.20,1.80,0.133,71.40,5.40,-0.07,7.23,7.07,-0.22,1987,2443,0,0,21,3,1,3,3,1,4,0,0,0,0,0,4.8,19.0,0.25,0.176,0.333,1.40
342,71,±Ç±âÈ«,»ï¼º,0,4,0,8,1,25.7,3.51,4.91,1.05,0.374,60.20,7.01,-1.01,4.85,4.84,-0.23,1987,1545,0,0,127,40,3,24,20,10,14,0,0,1,1,0,7.9,11.0,0.71,0.360,0.429,2.10
343,72,ÀÌÁø¿ì,Ã»º¸,0,4,1,15,5,30.0,5.10,6.60,0.90,0.293,53.10,6.60,-1.32,4.66,4.83,-0.24,1987,2195,0,0,143,32,3,28,22,17,22,1,1,3,0,0,11.9,15.4,0.77,0.278,0.383,1.80
344,73,¼ºÁØ,»ï¼º,4,7,1,21,7,109.0,2.64,3.88,0.91,0.279,80.10,3.55,1.66,4.49,4.38,-0.27,1987,1937,4,2,459,111,11,44,43,32,47,5,1,1,0,0,7.0,10.2,0.68,0.278,0.353,1.45
345,74,ÇÏ±â·æ,MBC,1,3,0,15,6,57.0,2.53,2.68,0.95,0.271,76.70,4.11,0.36,4.46,4.33,-0.28,1987,2434,0,0,249,61,6,26,26,16,17,3,6,0,0,0,6.4,6.8,0.94,0.274,0.322,1.37
346,75,¹ÚÇü¿­,OB,0,0,0,1,1,1.0,9.00,18.00,18.00,0.500,90.90,27.00,-0.23,31.86,32.47,-0.30,1987,1884,0,0,7,3,2,3,3,1,2,0,0,0,0,0,14.3,28.6,0.50,0.600,0.714,5.00
347,76,ÃµÃ¢È£,ºù±×·¹,4,7,0,25,12,97.3,2.40,2.96,0.83,0.287,78.10,3.51,0.99,4.23,4.09,-0.30,1987,2361,2,0,414,105,9,40,38,26,32,2,1,0,0,0,6.3,7.7,0.81,0.285,0.342,1.41
348,77,ÀÌµ¿¼ö,Ã»º¸,1,1,0,7,1,16.0,3.38,2.81,1.69,0.375,36.90,12.38,-1.38,5.51,5.47,-0.32,1987,2119,0,0,80,27,3,23,22,6,5,0,2,0,0,0,7.5,6.2,1.20,0.375,0.410,2.00
349,78,¼ÛÀ¯¼®,ÇØÅÂ,0,0,0,4,2,15.7,2.30,5.17,1.15,0.302,79.40,2.87,-0.02,5.66,5.53,-0.33,1987,1959,0,0,71,18,2,8,5,4,9,0,1,0,0,0,5.6,12.7,0.44,0.305,0.397,1.72
350,79,ÀÓÀçÁØ,ºù±×·¹,0,2,0,4,0,8.0,5.63,7.88,2.25,0.393,62.50,10.13,-0.56,7.61,7.84,-0.35,1987,2220,0,0,44,13,2,10,9,5,7,0,2,1,0,0,11.4,15.9,0.71,0.371,0.476,2.50
351,80,Á¶µµ¿¬,ÇØÅÂ,0,2,0,13,5,27.0,3.00,4.33,1.33,0.365,65.50,7.33,-0.94,5.35,5.28,-0.46,1987,2312,0,0,131,42,4,23,22,9,13,0,1,0,0,0,6.9,9.9,0.69,0.368,0.423,2.04
352,81,¼Õ¹®°ï,ºù±×·¹,1,4,1,19,11,49.3,4.01,4.74,1.09,0.286,57.30,6.93,-1.49,4.70,4.74,-0.48,1987,1946,1,0,223,54,6,39,38,22,26,0,0,0,1,0,9.9,11.7,0.85,0.281,0.360,1.62
353,82,°­»óÁø,ÇØÅÂ,0,4,0,13,5,45.0,2.60,6.40,0.40,0.303,61.60,6.40,-1.16,4.82,4.73,-0.51,1987,1510,1,0,207,49,2,34,32,13,32,1,3,4,0,0,6.3,15.5,0.41,0.292,0.401,1.80
354,83,°­¸¸½Ä,ÇØ/ºù,2,3,0,5,0,28.0,1.29,3.54,1.61,0.232,60.60,6.11,-0.36,6.15,5.90,-0.51,1987,1504,0,0,119,27,5,20,19,4,11,0,2,0,0,0,3.4,9.2,0.36,0.265,0.330,1.36
355,84,±èÈÆ±â,»ï¼º,3,5,3,24,15,80.7,2.45,4.57,0.56,0.272,71.50,4.02,-0.18,4.45,4.33,-0.54,1987,1737,2,0,365,82,5,42,36,22,41,5,7,0,1,0,6.0,11.2,0.54,0.265,0.350,1.52
356,85,¹Ú³ëÁØ,OB,0,1,0,9,7,16.0,4.50,7.88,1.69,0.265,74.60,6.19,-0.34,6.60,6.72,-0.57,1987,1827,0,0,75,16,3,11,11,8,14,0,1,2,0,0,10.7,18.7,0.57,0.271,0.405,1.88
357,86,±èÀç¿­,ºù±×·¹,1,1,0,12,6,39.3,2.29,3.66,1.37,0.316,73.40,4.58,-0.42,5.54,5.39,-0.76,1987,1680,0,0,171,48,6,24,20,10,16,0,3,3,0,0,5.8,9.4,0.62,0.324,0.388,1.63
358,87,ÀÌµ¿¼®,ºù±×·¹,1,2,0,13,4,35.3,1.53,5.09,1.53,0.324,60.40,6.37,-1.55,6.33,6.12,-1.02,1987,2118,1,0,175,51,6,34,25,6,20,1,2,0,1,0,3.4,11.4,0.30,0.338,0.415,2.01
359,88,±è°­ÀÍ,OB,0,2,0,12,5,37.0,0.97,4.38,1.70,0.274,74.70,5.11,-0.47,6.37,6.09,-1.12,1987,1564,0,0,165,44,7,23,21,4,18,1,0,1,0,0,2.4,10.9,0.22,0.303,0.378,1.68
360,1,¼±µ¿¿­,ÇØÅÂ,16,5,10,31,12,178.3,10.09,1.77,0.15,0.269,83.90,1.21,9.55,0.63,1.26,12.18,1988,1931,9,1,674,116,3,29,24,200,35,0,7,0,1,0,29.7,5.2,5.71,0.187,0.229,0.85
361,2,À±ÇÐ±æ,·Ôµ¥,18,10,3,35,25,234.0,4.73,2.04,0.35,0.307,73.10,3.15,5.20,2.64,2.73,6.62,1988,2095,17,3,967,241,9,89,82,123,53,1,3,7,1,0,12.7,5.5,2.32,0.273,0.313,1.26
362,3,ÃÖµ¿¿ø,·Ôµ¥,7,3,3,16,4,83.3,8.96,2.59,0.43,0.317,80.90,2.05,2.51,1.48,2.00,3.73,1988,2366,3,1,349,77,4,24,19,83,24,3,1,1,1,0,23.8,6.9,3.46,0.244,0.296,1.21
363,4,ÇÑÈñ¹Î,ºù±×·¹,16,5,5,31,20,188.0,4.93,2.63,0.77,0.293,78.20,3.11,4.11,3.43,3.55,3.00,1988,2448,10,4,782,188,16,72,65,103,55,2,7,1,0,0,13.2,7.0,1.87,0.269,0.319,1.29
364,5,¿À¿µÀÏ,MBC,7,11,2,28,21,176.0,3.27,2.56,0.46,0.323,71.90,3.48,2.09,3.44,3.39,2.86,1988,2049,8,0,760,208,9,83,68,64,50,4,5,2,2,0,8.4,6.6,1.28,0.304,0.349,1.47
365,6,±èÁø¿í,OB,11,8,2,29,14,139.3,4.72,2.91,0.39,0.264,72.90,3.10,2.83,3.09,3.19,2.58,1988,1706,5,2,559,116,6,52,48,73,45,2,8,4,2,0,13.1,8.1,1.62,0.236,0.298,1.16
366,7,ÀÌ»ó±º,ºù±×·¹,10,3,16,38,8,135.0,3.13,1.47,0.47,0.254,79.10,2.40,4.48,3.15,3.07,2.34,1988,2133,3,1,530,120,7,38,36,47,22,2,3,2,0,0,8.9,4.2,2.14,0.242,0.273,1.05
367,8,ÃÖÀÏ¾ð,OB,6,4,0,20,13,115.7,3.89,3.73,0.00,0.271,78.40,2.18,3.72,3.07,3.09,2.31,1988,2385,2,0,485,100,0,33,28,50,48,0,5,2,0,0,10.3,9.9,1.04,0.240,0.317,1.28
368,9,±è¼º±æ,»ï¼º,8,4,6,38,15,151.3,3.69,1.84,0.59,0.282,78.50,2.80,3.73,3.31,3.29,2.26,1988,1633,2,1,615,150,10,51,47,62,31,2,5,0,2,0,10.1,5.0,2.00,0.265,0.302,1.20
369,10,¹Úµ¿¼ö,·Ôµ¥,7,8,2,31,13,114.3,4.64,2.13,0.47,0.324,67.70,3.62,0.41,2.99,3.07,2.20,1988,1830,0,0,490,131,6,59,46,59,27,2,7,3,2,0,12.0,5.5,2.19,0.292,0.331,1.38
370,11,¾ç»ó¹®,ÅÂÆò¾ç,9,12,3,38,23,169.3,3.61,2.87,0.64,0.301,67.80,3.83,0.77,3.71,3.69,1.87,1988,2012,8,1,722,185,12,89,72,68,54,0,2,6,0,0,9.4,7.5,1.26,0.286,0.338,1.41
371,12,±èÈÆ±â,»ï¼º,10,5,3,27,10,118.0,3.81,1.75,0.61,0.250,71.90,2.75,2.31,3.23,3.22,1.84,1988,1737,6,3,472,102,8,44,36,50,23,2,3,0,0,0,10.6,4.9,2.17,0.238,0.274,1.06
372,13,½Å¿Ï±Ù,ÅÂÆò¾ç,2,9,3,37,4,139.0,4.73,2.85,0.52,0.296,66.20,4.01,0.13,3.19,3.29,1.83,1988,1978,1,0,585,141,8,71,62,73,44,0,3,0,1,0,12.5,7.5,1.66,0.270,0.322,1.33
373,14,±èÈ«¸í,ºù±×·¹,8,13,0,24,22,151.7,3.62,4.27,0.47,0.306,71.40,4.27,1.62,3.85,3.84,1.79,1988,1732,7,1,656,158,8,75,72,61,72,6,4,3,1,0,9.3,11.0,0.85,0.285,0.365,1.52
374,15,±è¿ë¼ö,MBC,3,5,11,34,3,98.7,4.65,2.83,0.46,0.335,69.70,4.47,0.01,3.12,3.21,1.54,1988,1661,1,0,438,118,5,51,49,51,31,1,3,0,0,0,11.6,7.1,1.65,0.304,0.351,1.51
375,16,ÀÌ»óÀ±,ÇØÅÂ,16,6,0,30,22,137.0,3.61,4.93,0.20,0.222,70.00,2.89,2.48,3.76,3.77,1.53,1988,2139,3,1,575,98,3,56,44,55,75,1,4,4,1,0,9.6,13.0,0.73,0.203,0.309,1.26
376,17,±è¿ë³²,ºù±×·¹,8,6,1,27,16,122.7,3.01,1.83,0.66,0.324,66.90,4.11,0.27,3.59,3.50,1.51,1988,1659,1,0,525,150,9,67,56,41,25,1,2,1,0,0,7.8,4.8,1.64,0.309,0.343,1.43
377,18,ÀÌ»ó±¸,ÅÂÆò¾ç,4,6,1,31,3,87.0,5.07,3.31,0.31,0.281,53.90,5.07,-0.82,2.87,3.00,1.51,1988,2132,0,0,355,77,3,53,49,49,32,1,1,5,1,0,13.8,9.0,1.53,0.247,0.314,1.25
378,19,ÀÌ¿ëÃ¶,MBC,7,11,0,29,19,144.3,2.87,3.43,0.31,0.275,71.00,2.74,2.06,3.77,3.68,1.49,1988,2161,6,0,610,138,5,63,44,46,55,0,7,1,2,0,7.5,9.0,0.84,0.260,0.328,1.34
379,20,¹®Èñ¼ö,ÇØÅÂ,8,7,3,26,13,110.3,4.49,2.69,0.73,0.261,73.50,3.02,1.85,3.47,3.54,1.49,1988,1811,4,1,458,101,9,45,37,55,33,1,1,2,0,0,12.0,7.2,1.67,0.244,0.298,1.21
380,21,Â÷µ¿Ã¶,ÇØÅÂ,10,6,1,32,15,146.0,2.77,1.29,0.68,0.287,69.30,3.33,1.37,3.66,3.54,1.47,1988,2350,5,3,607,156,11,68,54,45,21,2,10,4,0,0,7.4,3.5,2.14,0.279,0.304,1.21
381,22,À±¼®È¯,OB,13,3,14,40,1,108.0,4.42,3.17,0.50,0.272,84.60,2.08,3.53,3.23,3.29,1.43,1988,2092,0,0,439,96,6,28,25,53,38,5,2,0,1,0,12.1,8.7,1.39,0.247,0.313,1.24
382,23,Á¶º´Ãµ,ÅÂÆò¾ç,2,10,1,28,15,128.0,2.81,3.09,0.42,0.289,70.30,3.94,1.36,3.65,3.55,1.40,1988,2314,4,0,546,134,6,59,56,40,44,3,1,1,0,0,7.3,8.1,0.91,0.277,0.334,1.39
383,24,½Åµ¿¼ö,ÇØÅÂ,5,2,1,22,11,81.3,4.43,2.10,0.66,0.307,83.30,2.43,2.27,3.24,3.29,1.33,1988,1972,2,1,338,87,6,25,22,40,19,1,2,0,1,0,11.8,5.6,2.11,0.282,0.322,1.30
384,25,ÀÌµ¿¼®,ºù±×·¹,7,3,2,17,10,76.0,3.20,2.37,0.36,0.273,67.50,3.67,1.00,3.32,3.25,1.27,1988,2118,2,1,311,72,3,34,31,27,20,2,4,0,2,0,8.7,6.4,1.35,0.255,0.304,1.21
385,26,¹æ¼ö¿ø,ÇØÅÂ,2,1,6,28,2,80.0,2.59,2.59,0.11,0.231,82.00,1.69,3.00,3.19,3.07,1.09,1988,1891,0,0,320,63,1,17,15,23,23,1,2,0,0,0,7.2,7.2,1.00,0.216,0.273,1.08
386,27,±è½ÃÁø,»ï¼º,11,9,0,25,19,144.3,4.18,4.36,0.62,0.219,71.80,3.49,2.32,4.08,4.13,1.05,1988,1651,5,1,602,107,10,62,56,67,70,1,7,3,0,0,11.1,11.6,0.96,0.207,0.301,1.23
387,28,±è½ÅºÎ,ÅÂÆò¾ç,9,8,1,29,17,123.3,2.77,2.12,0.58,0.278,67.60,3.87,0.71,3.89,3.78,1.00,1988,1653,2,1,526,126,8,63,53,38,29,5,16,0,1,0,7.2,5.5,1.31,0.268,0.310,1.26
388,29,ÇÑ¿ÀÁ¾,OB,4,4,0,26,19,115.7,4.67,4.44,0.70,0.279,73.40,3.81,1.36,3.98,4.08,0.96,1988,2443,2,1,496,108,9,54,49,60,57,1,3,2,1,0,12.1,11.5,1.05,0.255,0.343,1.43
389,30,³ë»ó¼ö,·Ôµ¥,4,5,5,28,14,104.7,3.53,2.32,0.77,0.276,61.90,4.73,-0.18,3.83,3.80,0.90,1988,1747,2,0,441,106,9,60,55,41,27,0,4,0,0,0,9.3,6.1,1.52,0.268,0.311,1.27
390,31,±èÁ¤¼öc,ÇØÅÂ,3,2,0,11,9,54.3,3.81,3.81,0.33,0.253,75.50,2.48,1.40,3.52,3.54,0.83,1988,1685,0,0,227,45,2,19,15,23,23,0,1,0,0,0,10.1,10.1,1.00,0.231,0.312,1.25
391,32,±èÁ¤Çà,·Ôµ¥,8,4,0,15,15,94.0,2.78,4.79,0.29,0.256,70.30,3.64,1.45,4.15,4.07,0.82,1988,1687,4,2,400,82,3,43,38,29,50,0,3,2,0,0,7.2,12.5,0.58,0.244,0.338,1.40
392,33,°èÇüÃ¶,OB,10,12,2,33,18,129.7,3.33,4.30,0.49,0.266,71.90,3.75,1.49,4.01,3.97,0.81,1988,1520,2,0,558,121,7,59,54,48,62,2,2,3,0,0,8.6,11.1,0.77,0.252,0.335,1.41
393,34,ÀåÈ£¿¬,OB,8,12,1,36,21,146.0,2.84,2.71,0.74,0.300,69.80,3.95,0.69,4.08,3.98,0.80,1988,2254,3,1,629,163,12,76,64,46,44,3,6,3,0,0,7.3,7.0,1.05,0.291,0.342,1.42
394,35,±è´ëÁß,ºù±×·¹,7,7,1,23,18,119.0,2.72,2.57,0.68,0.300,75.00,3.86,1.66,4.21,4.09,0.71,1988,1590,4,1,508,131,9,54,51,36,34,2,13,1,1,0,7.1,6.7,1.06,0.293,0.340,1.39
395,36,¼Õ¹®°ï,ºù±×·¹,2,3,0,17,7,54.0,3.33,2.83,0.33,0.337,57.50,5.67,-0.92,3.42,3.37,0.68,1988,1946,0,0,244,69,2,39,34,20,17,0,2,2,0,0,8.2,7.0,1.18,0.315,0.361,1.59
396,37,¿À¸í·Ï,·Ôµ¥,6,7,1,19,14,90.0,4.30,4.00,0.80,0.269,67.10,3.70,0.35,4.08,4.14,0.65,1988,2040,2,1,384,85,8,49,37,43,40,0,1,3,2,0,11.2,10.4,1.08,0.254,0.332,1.39
397,38,¹®º´±Ç,MBC,1,3,0,19,8,65.3,3.58,2.89,0.55,0.292,72.60,3.72,0.73,3.66,3.63,0.62,1988,1805,2,1,274,66,4,29,27,26,21,2,4,2,1,0,9.5,7.7,1.24,0.275,0.331,1.33
398,39,ÃµÃ¢È£,ºù±×·¹,1,1,1,17,0,21.7,7.48,0.83,0.83,0.250,78.90,2.49,0.56,2.04,2.39,0.61,1988,2361,0,0,80,16,2,6,6,18,2,0,0,0,0,0,22.5,2.5,9.00,0.211,0.231,0.83
399,40,¾ÈÃ¢¿Ï,·Ôµ¥,1,3,2,29,3,62.3,3.75,3.75,0.43,0.265,65.60,4.33,0.15,3.62,3.62,0.44,1988,2007,0,0,259,56,3,31,30,26,26,0,0,0,1,0,10.0,10.0,1.00,0.245,0.322,1.32
400,41,¹Ú»ó¹ü,ÅÂÆò¾ç,1,1,0,10,4,33.0,5.45,1.36,1.09,0.339,51.90,7.09,-0.76,3.43,3.58,0.41,1988,1840,2,0,142,41,4,26,26,20,5,0,2,3,1,0,14.1,3.5,4.00,0.308,0.333,1.39
401,42,ÀÌ¹®ÇÑ,·Ôµ¥,3,1,1,16,4,57.0,4.11,2.68,0.79,0.210,76.90,2.68,1.28,3.73,3.75,0.40,1988,2127,1,0,223,40,5,19,17,26,17,1,2,1,0,0,11.7,7.6,1.53,0.206,0.265,1.00
402,43,±èºÀ±Ù,ÅÂÆò¾ç,4,11,0,22,17,93.7,2.40,1.25,1.15,0.322,63.50,5.00,-0.59,4.35,4.19,0.36,1988,1618,2,0,404,123,12,61,52,25,13,0,2,0,0,0,6.2,3.2,1.92,0.324,0.344,1.45
403,44,±èÁ¾¼®,·Ôµ¥,0,5,0,20,10,55.0,3.76,4.75,0.33,0.321,64.70,4.75,-0.44,3.94,3.96,0.35,1988,1695,0,0,249,62,2,35,29,23,29,0,3,0,1,0,9.2,11.6,0.79,0.294,0.378,1.65
404,45,ÀÌ±æÈ¯,MBC,10,4,0,24,15,122.3,2.06,2.35,0.81,0.280,70.10,3.53,0.90,4.36,4.17,0.29,1988,2112,3,1,517,131,11,61,48,28,32,1,5,0,0,0,5.4,6.2,0.88,0.282,0.326,1.33
405,46,Áøµ¿ÇÑ,»ï¼º,2,3,1,18,9,54.3,1.66,3.64,0.33,0.313,69.70,4.64,0.24,4.11,3.90,0.23,1988,2344,1,1,238,63,2,28,28,10,22,1,1,1,0,0,4.2,9.2,0.45,0.309,0.371,1.56
406,47,¼ÛÀ¯¼®,ÇØÅÂ,1,0,0,3,1,15.3,2.93,3.52,0.00,0.314,72.70,3.52,0.25,3.18,3.10,0.23,1988,1959,0,0,62,16,0,6,6,5,6,0,0,0,0,0,8.1,9.7,0.83,0.286,0.355,1.43
407,48,È«¼º¿¬,»ï¼º,3,1,0,13,5,52.7,2.05,3.25,0.34,0.333,56.50,6.66,-1.24,4.04,3.87,0.21,1988,2464,2,0,243,71,2,42,39,12,19,0,3,3,1,0,4.9,7.8,0.63,0.327,0.375,1.71
408,49,¿¹º´ÁØ,MBC,1,6,0,12,6,50.3,2.50,4.47,0.36,0.311,76.30,3.93,0.53,4.21,4.09,0.15,1988,2038,2,0,229,59,2,23,22,14,25,3,4,1,0,0,6.1,10.9,0.56,0.298,0.375,1.67
409,50,ÀÓÀçÁØ,ºù±×·¹,0,0,0,2,0,3.7,4.91,0.00,0.00,0.000,0.00,0.00,0.21,1.40,1.49,0.13,1988,2220,0,0,12,0,0,0,0,2,0,0,0,0,0,0,16.7,0.0,0.00,0.000,0.000,0.00
410,51,À¯Á¾°â,MBC,4,7,1,23,13,109.0,3.72,5.37,0.58,0.267,69.90,4.13,0.37,4.42,4.43,0.12,1988,2073,6,1,484,102,7,58,50,45,65,1,3,2,0,0,9.3,13.4,0.69,0.252,0.353,1.53
411,52,ÇÏÃ¢¿ì,OB,0,1,0,5,3,16.3,1.10,1.65,0.55,0.339,52.80,6.61,-0.36,4.15,3.86,0.08,1988,2437,1,0,70,22,1,13,12,2,3,0,1,0,0,0,2.9,4.3,0.67,0.338,0.368,1.53
412,53,ÀÌÇöÅÃ,»ï¼º,0,0,0,6,1,9.0,6.00,9.00,0.00,0.414,71.40,6.00,-0.13,3.63,3.91,0.07,1988,2203,0,0,45,12,0,6,6,6,9,1,0,2,0,0,13.3,20.0,0.67,0.343,0.477,2.33
413,54,ÀÌÃ´±â,ºù±×·¹,0,0,0,4,0,2.3,3.86,7.72,0.00,0.375,80.00,3.86,0.02,1.74,1.72,0.07,1988,2196,0,0,11,3,0,1,1,1,2,2,0,1,0,0,9.1,18.2,0.50,0.333,0.455,2.14
414,55,ÃÖÁø¿µ,»ï¼º,0,0,0,1,0,2.7,3.38,3.38,0.00,0.500,66.70,3.38,-0.06,2.99,2.95,0.04,1988,2391,0,0,12,5,0,2,1,1,1,0,0,1,0,0,8.3,8.3,1.00,0.455,0.500,2.25
415,56,¹Ú³ëÁØ,OB,0,0,0,1,1,3.0,3.00,3.00,0.00,0.357,14.30,18.00,-0.31,3.99,3.91,0.03,1988,1827,0,0,17,5,0,6,6,1,1,0,1,0,0,0,5.9,5.9,1.00,0.385,0.375,2.00
416,57,±è´ëÇö,ÇØÅÂ,7,6,2,31,19,136.7,3.10,2.90,0.99,0.264,69.50,4.54,0.61,4.53,4.46,0.00,1988,1591,3,0,585,136,15,72,69,47,44,0,8,2,0,0,8.0,7.5,1.07,0.265,0.319,1.32
417,58,±èÀç¿­,ºù±×·¹,0,0,0,1,0,1.0,0.00,9.00,0.00,0.667,20.00,36.00,-0.29,5.90,5.58,-0.02,1988,1680,0,0,7,4,0,4,4,0,1,0,0,0,0,0,0.0,14.3,0.00,0.667,0.714,5.00
418,59,¾È¼º¼ö,ºù±×·¹,0,1,0,1,1,2.0,0.00,9.00,0.00,0.455,57.10,13.50,-0.16,5.90,5.58,-0.03,1988,2000,0,0,13,5,0,3,3,0,2,0,0,0,0,0,0.0,15.4,0.00,0.455,0.538,3.50
419,60,ÀÌµ¿¼ö,ÅÂÆò¾ç,0,0,0,2,0,5.0,1.80,7.20,0.00,0.278,77.80,1.80,0.06,4.74,4.58,-0.04,1988,2119,0,0,23,5,0,2,1,1,4,0,0,0,0,0,4.3,17.4,0.25,0.263,0.391,1.80
420,61,°­¸¸½Ä,ºù±×·¹,0,0,0,2,0,1.3,0.00,13.50,0.00,0.000,100.00,0.00,0.07,7.36,7.08,-0.06,1988,1504,0,0,5,0,0,0,0,0,2,0,0,0,0,0,0.0,40.0,0.00,0.000,0.400,1.50
421,62,ÀÓÈ£±Õ,ÅÂÆò¾ç,0,3,0,5,4,14.0,2.57,6.43,0.64,0.423,63.30,7.07,-0.45,5.17,5.08,-0.09,1988,2232,0,0,68,23,1,13,11,4,10,0,0,1,0,0,5.9,14.7,0.40,0.404,0.493,2.36
422,63,ÃÖÃ¢È£,ÅÂÆò¾ç,0,1,0,3,1,6.7,4.05,5.40,1.35,0.250,46.50,8.10,-0.23,5.38,5.43,-0.09,1988,2394,0,0,29,6,1,6,6,3,4,0,0,0,0,0,10.3,13.8,0.75,0.250,0.357,1.50
423,64,Áö¼º±Ô,ºù±×·¹,0,0,0,5,1,13.7,2.63,5.27,0.66,0.283,77.70,3.95,0.13,4.79,4.70,-0.10,1988,2340,0,0,61,14,1,6,6,4,8,0,0,0,0,0,6.6,13.1,0.50,0.280,0.373,1.61
424,65,¼ºÁØ,»ï¼º,11,8,2,31,21,159.7,3.33,4.17,0.96,0.236,77.00,3.33,2.70,4.65,4.61,-0.12,1988,1937,4,2,668,135,17,67,59,59,74,3,3,4,1,0,8.8,11.1,0.80,0.235,0.321,1.31
425,66,±¸¸í±Ù,·Ôµ¥,0,0,0,2,0,5.0,1.80,3.60,1.80,0.440,71.40,9.00,-0.23,6.18,5.98,-0.13,1988,1542,0,0,29,12,1,5,5,1,2,0,0,0,0,0,3.4,6.9,0.50,0.444,0.483,2.80
426,67,¼­Á¤¿ë,·Ôµ¥,3,3,1,14,5,47.0,3.06,4.02,0.77,0.263,80.40,3.06,0.84,4.54,4.47,-0.13,1988,1928,1,0,203,45,4,18,16,16,21,1,3,0,0,0,7.9,10.3,0.76,0.257,0.335,1.40
427,68,Á¶µµ¿¬,ÇØÅÂ,0,1,0,6,2,9.7,1.86,7.45,0.00,0.276,77.80,3.72,0.13,5.42,5.27,-0.14,1988,2312,0,0,41,8,0,4,4,2,8,0,2,0,0,0,4.9,19.5,0.25,0.258,0.410,1.66
428,69,°­»óÁø,ÇØÅÂ,0,0,0,1,0,1.0,0.00,45.00,0.00,0.500,42.90,27.00,-0.29,17.54,17.58,-0.16,1988,1510,0,0,9,2,0,4,3,0,5,0,0,0,0,0,0.0,55.6,0.00,0.500,0.778,7.00
429,70,ÀÌÃæ¿ì,ÅÂÆò¾ç,0,0,0,2,0,3.0,3.00,3.00,3.00,0.462,39.50,18.00,-0.40,8.34,8.24,-0.16,1988,2197,0,0,17,7,1,6,6,1,1,0,1,0,0,0,5.9,5.9,1.00,0.467,0.500,2.67
430,71,±è¿¬Ã¶,ºù±×·¹,0,1,0,3,0,7.0,2.57,0.00,2.57,0.333,61.00,6.43,-0.24,5.88,5.72,-0.16,1988,1655,0,0,31,11,2,6,5,2,0,0,0,0,0,0,6.5,0.0,0.00,0.355,0.355,1.57
431,72,Á¤À±¼ö,»ï¼º,0,3,1,8,3,21.7,4.15,4.15,1.25,0.329,63.20,7.06,-0.54,4.94,4.98,-0.17,1988,2291,0,0,100,27,3,17,17,10,10,1,2,1,0,0,10.0,10.0,1.00,0.318,0.385,1.71
432,73,±Ç¿µÈ£,»ï¼º,7,5,7,29,4,72.3,2.99,4.98,0.62,0.247,73.70,3.73,0.68,4.33,4.26,-0.19,1988,1551,1,1,308,61,5,32,30,24,40,6,1,1,0,0,7.8,13.0,0.60,0.239,0.341,1.40
433,74,±èÀÀ±¹,·Ôµ¥,0,0,0,8,1,19.7,2.75,5.95,0.46,0.329,74.50,5.03,-0.08,4.99,4.92,-0.21,1988,1667,0,0,92,24,1,11,11,6,13,0,2,0,0,0,6.5,14.1,0.46,0.324,0.411,1.88
434,75,ÀÌ»óÈÆ,OB,2,2,0,27,7,84.0,3.11,3.64,0.86,0.251,66.50,4.50,-0.01,4.48,4.41,-0.24,1988,2143,1,1,352,76,8,45,42,29,34,0,2,1,0,0,8.2,9.7,0.85,0.250,0.322,1.31
435,76,±Ç±âÈ«,»ï¼º,0,0,0,2,0,2.3,0.00,0.00,7.72,0.300,45.50,15.43,-0.27,14.17,13.72,-0.28,1988,1545,0,0,12,5,2,4,4,0,0,0,0,0,0,0,0.0,0.0,0.00,0.417,0.417,2.14
436,77,ÀÌ±¹¼º,MBC,2,1,0,20,3,55.7,4.85,5.34,0.97,0.278,76.30,4.20,0.22,4.55,4.68,-0.28,1988,2109,2,0,242,53,6,27,26,30,33,1,1,1,1,0,12.4,13.6,0.91,0.261,0.361,1.54
437,78,ÀåÁ¤¼ø,ºù±×·¹,1,1,2,13,1,32.3,4.45,4.18,1.11,0.295,68.20,5.01,-0.47,4.79,4.87,-0.31,1988,2247,0,0,147,35,4,21,18,16,15,1,4,0,1,0,10.9,10.2,1.07,0.282,0.357,1.55
438,79,Á¤¿ë»ý,»ï¼º,0,3,0,10,3,28.0,2.25,5.46,0.96,0.350,59.80,7.71,-0.95,5.33,5.19,-0.37,1988,2286,0,0,129,38,3,25,24,7,17,2,1,4,1,0,5.4,13.2,0.41,0.349,0.433,1.96
439,80,¹ÚÁ¤Çö,ÅÂÆò¾ç,0,1,0,6,2,18.7,3.86,3.86,1.93,0.339,61.20,7.71,-0.65,6.10,6.11,-0.41,1988,1862,0,0,86,25,4,17,16,8,8,0,2,0,0,0,9.3,9.3,1.00,0.338,0.402,1.77
440,81,±è°­ÀÍ,OB,0,1,0,6,2,15.3,1.76,2.93,2.35,0.220,76.40,5.28,-0.07,6.77,6.56,-0.46,1988,1564,0,0,63,15,4,9,9,3,5,0,0,0,0,0,4.8,7.9,0.60,0.263,0.323,1.30
441,82,¹è°æÈ¯,ÅÂÆò¾ç,1,7,0,13,11,52.3,3.10,3.96,1.55,0.262,59.90,6.71,-0.84,5.51,5.44,-0.50,1988,1892,1,1,238,57,9,40,39,18,23,1,1,1,1,0,7.6,9.7,0.78,0.275,0.343,1.53
442,83,±èÀÏºÎ,ÅÂÆò¾ç,2,4,2,23,7,72.0,4.88,4.25,1.25,0.278,75.30,4.38,0.08,4.85,4.97,-0.53,1988,1672,0,0,312,70,10,38,35,39,34,1,7,1,0,0,12.5,10.9,1.15,0.264,0.348,1.44
443,84,¾çÀÏÈ¯,»ï¼º,1,2,0,10,4,29.3,3.07,4.60,1.23,0.302,54.30,8.90,-1.29,6.08,6.02,-0.62,1988,2017,1,0,145,36,4,30,29,10,15,0,8,0,0,0,6.9,10.3,0.67,0.305,0.378,1.74
444,85,ÀåÅÂ¼ö,»ï¼º,1,4,0,15,5,37.7,1.67,5.73,0.96,0.272,60.60,5.97,-0.85,5.61,5.42,-0.62,1988,2251,0,0,175,41,4,29,25,7,24,1,0,0,0,0,4.0,13.7,0.29,0.285,0.380,1.73
445,86,¹Úµ¿°æ,»ï¼º,0,1,0,13,4,39.3,1.83,5.95,0.92,0.321,72.40,5.03,-0.38,5.88,5.71,-0.77,1988,1829,0,0,178,47,4,25,22,8,26,0,3,2,0,0,4.5,14.6,0.31,0.324,0.424,1.86
446,87,Àü¿ë±Ç,»ï¼º,2,2,1,14,5,46.0,1.57,4.30,1.17,0.280,71.80,5.09,-0.31,5.71,5.49,-0.81,1988,2260,0,0,209,53,6,28,26,8,22,1,3,1,0,0,3.8,10.5,0.36,0.293,0.368,1.63
447,88,È²ÅÂÈ¯,OB,0,2,0,23,3,49.7,1.99,3.81,1.27,0.285,59.80,6.52,-1.21,5.47,5.30,-0.84,1988,2472,1,0,221,58,7,38,36,11,21,0,1,0,0,0,5.0,9.5,0.52,0.299,0.362,1.59
448,89,ÃÖ»óÁÖ,ÇØÅÂ,0,2,0,7,2,18.0,3.00,2.50,4.00,0.206,47.30,7.50,-0.87,8.46,8.36,-0.89,1988,2369,0,0,85,21,8,19,15,6,5,1,0,1,0,0,7.1,5.9,1.20,0.276,0.317,1.44
449,90,ÇÑ¿ë´ö,ºù±×·¹,2,1,0,12,4,41.3,3.48,4.57,1.96,0.254,94.90,3.05,0.79,6.18,6.16,-0.93,1988,2444,0,0,168,39,9,15,14,16,21,0,0,1,0,0,9.5,12.5,0.76,0.273,0.366,1.45
450,91,¹Ú»ó¿­,OB,0,3,0,13,6,46.7,2.31,4.44,1.74,0.270,68.20,5.59,-0.79,6.45,6.31,-1.13,1988,1841,0,0,216,53,9,34,29,12,23,0,4,1,0,0,5.6,10.6,0.52,0.291,0.367,1.63
451,92,Á¤»ïÈì,MBC,5,16,0,27,20,139.7,2.77,3.93,1.29,0.297,67.60,5.67,-1.36,5.49,5.39,-1.39,1988,2278,6,1,634,163,20,96,88,43,61,2,14,0,0,0,6.8,9.6,0.70,0.304,0.370,1.60
